name,protein_sequence,elute_sequence,location_sequence,n_m
sp|I6YET7|Y2963_MYCTU,MTSTKVEDRVTAAVLGAIGHALALTASMTWEILWALILGFALSAVVQAVVRRSTIVTLLGDDRPRTLVIATGLGAASSSCSYAAVALARSLFRKGANFTAAMAFEIGSTNLVVELGIILALLMGWQFTAAEFVGGPIMILVLAVLFRLFVGARLIDAAREQAERGLAGSMEGHAAMDMSIKREGSFWRRLLSPPGFTSIAHVFVMEWLAILRDLILGLLIAGAIAAWVPESFWQSFFLANHPAWSAVWGPIIGPIVAIVSFVCSIGNVPLAAVLWNGGISFGGVIAFIFADLLILPILNIYRKYYGARMMLVLLGTFYASMVVAGYLIELLFGTTNLIPSQRSATVMTAEISWNYTTWLNVIFLVIAAALVVRFITSGGLPMLRMMGGSPDAPHDHHDRHDDHLGH,AFIFADLLILPILNI,iiiiiiiiiiiiiiiiiiiiiiiiiiiiiiimmmmmmmmmmmmmmmmmmmmoooooooooooooommmmmmmmmmmmmmmmmmmmmmmiiiiiiiiiiiimmmmmmmmmmmmmmmmmmmmmmmooommmmmmmmmmmmmmmmmmmmmmmiiiiiiiiiiiiiiiiiiiiiiiiiiiiiiiiiiiiiiiiiiiiiiiiiiiiiiiiimmmmmmmmmmmmmmmmmmmmmmmoooooooooooooommmmmmmmmmmmmmmmmmmmmmmiiiiiimmmmmmmmmmmmmmmmmmmmmmmoooooooooooooommmmmmmmmmmmmmmmmmmmmmmiiiiiiiiiiiiiiiiiiiimmmmmmmmmmmmmmmmmmmmmmmooooooooooooooooooooooooooooooo,10
sp|O53695|MYCP3_MYCTU,MIRAAFACLAATVVVAGWWTPPAWAIGPPVVDAAAQPPSGDPGPVAPMEQRGACSVSGVIPGTDPGVPTPSQTMLNLPAAWQFSRGEGQLVAIIDTGVQPGPRLPNVDAGGDFVESTDGLTDCDGHGTLVAGIVAGQPGNDGFSGVAPAARLLSIRAMSTKFSPRTSGGDPQLAQATLDVAVLAGAIVHAADLGAKVINVSTITCLPADRMVDQAALGAAIRYAAVDKDAVIVAAAGNTGASGSVSASCDSNPLTDLSRPDDPRNWAGVTSVSIPSWWQPYVLSVASLTSAGQPSKFSMPGPWVGIAAPGENIASVSNSGDGALANGLPDAHQKLVALSGTSYAAGYVSGVAALVRSRYPGLNATEVVRRLTATAHRGARESSNIVGAGNLDAVAALTWQLPAEPGGGAAPAKPVADPPVPAPKDTTPRNVAFAGAAALSVLVGLTAATVAIARRRREPTE,ALSVLVGLTAATVAI,oooooooooooooooooooooooooooooooooooooooooooooooooooooooooooooooooooooooooooooooooooooooooooooooooooooooooooooooooooooooooooooooooooooooooooooooooooooooooooooooooooooooooooooooooooooooooooooooooooooooooooooooooooooooooooooooooooooooooooooooooooooooooooooooooooooooooooooooooooooooooooooooooooooooooooooooooooooooooooooooooooooooooooooooooooooooooooooooooooooooooooooooooooooooooooooooooooooooooooooooooooooooooooooooooooooooooooooommmmmmmmmmmmmmmmmmmmmmmiiiiiiii,15
sp|P9WG63|DIPZ_MYCTU,MVESRRAAAAASAYASRCGIAPATSQRSLATPPTISVPSGEGRCRCHVARGAGRDPRRRLRRRRWCGRCGYHSHLTGGEFDVNRLCQQRSRERSCQLVAVPADPRPKRQRITDVLTLALVGFLGGLITGISPCILPVLPVIFFSGAQSVDAAQVAKPEGAVAVRRKRALSATLRPYRVIGGLVLSFGMVTLLGSALLSVLHLPQDAIRWAALVALVAIGAGLIFPRFEQLLEKPFSRIPQKQIVTRSNGFGLGLALGVLYVPCAGPILAAIVVAGATATIGLGTVVLTATFALGAALPLLFFALAGQRIAERVGAFRRRQREIRIATGSVTILLAVALVFDLPAALQRAIPDYTASLQQQISTGTEIREQLNLGGIVNAQNAQLSNCSDGAAQLESCGTAPDLKGITGWLNTPGNKPIDLKSLRGKVVLIDFWAYSCINCQRAIPHVVGWYQAYKDSGLAVIGVHTPEYAFEKVPGNVAKGAANLGISYPIALDNNYATWTNYRNRYWPAEYLIDATGTVRHIKFGEGDYNVTETLVRQLLNDAKPGVKLPQPSSTTTPDLTPRAALTPETYFGVGKVVNYGGGGAYDEGSAVFDYPPSLAANSFALRGRWALDYQGATSDGNDAAIKLNYHAKDVYIVVGGTGTLTVVRDGKPATLPISGPPTTHQVVAGYRLASETLEVRPSKGLQVFSFTYG,AALPLLFFALAGQRI,iiiiiiiiiiiiiiiiiiiiiiiiiiiiiiiiiiiiiiiiiiiiiiiiiiiiiiiiiiiiiiiiiiiiiiiiiiiiiiiiiiiiiiiiiiiiiiiiiiiiiiiiiiiiiiiiiiiimmmmmmmmmmmmmmmmmmmmmmmoooooooooooooooooooooooooooooooooooooommmmmmmmmmmmmmmmmmmmmmmiiiiiiiiiiiiiiiiiiiiiiiiiiiiiiiiiiiiiiiiiiiiiiiiimmmmmmmmmmmmmmmmmmmmmmmooooooooommmmmmmmmmmmmmmmmmmmmmmiiiiiiiiiiiiiiiiiiiimmmmmmmmmmmmmmmmmmmmmmmoooooooooooooooooooooooooooooooooooooooooooooooooooooooooooooooooooooooooooooooooooooooooooooooooooooooooooooooooooooooooooooooooooooooooooooooooooooooooooooooooooooooooooooooooooooooooooooooooooooooooooooooooooooooooooooooooooooooooooooooooooooooooooooooooooooooooooooooooooooooooooooooooooooooooooooooooooooooooooooooooooooooooooooooooooooooooooo,10
sp|P9WG63|DIPZ_MYCTU,MVESRRAAAAASAYASRCGIAPATSQRSLATPPTISVPSGEGRCRCHVARGAGRDPRRRLRRRRWCGRCGYHSHLTGGEFDVNRLCQQRSRERSCQLVAVPADPRPKRQRITDVLTLALVGFLGGLITGISPCILPVLPVIFFSGAQSVDAAQVAKPEGAVAVRRKRALSATLRPYRVIGGLVLSFGMVTLLGSALLSVLHLPQDAIRWAALVALVAIGAGLIFPRFEQLLEKPFSRIPQKQIVTRSNGFGLGLALGVLYVPCAGPILAAIVVAGATATIGLGTVVLTATFALGAALPLLFFALAGQRIAERVGAFRRRQREIRIATGSVTILLAVALVFDLPAALQRAIPDYTASLQQQISTGTEIREQLNLGGIVNAQNAQLSNCSDGAAQLESCGTAPDLKGITGWLNTPGNKPIDLKSLRGKVVLIDFWAYSCINCQRAIPHVVGWYQAYKDSGLAVIGVHTPEYAFEKVPGNVAKGAANLGISYPIALDNNYATWTNYRNRYWPAEYLIDATGTVRHIKFGEGDYNVTETLVRQLLNDAKPGVKLPQPSSTTTPDLTPRAALTPETYFGVGKVVNYGGGGAYDEGSAVFDYPPSLAANSFALRGRWALDYQGATSDGNDAAIKLNYHAKDVYIVVGGTGTLTVVRDGKPATLPISGPPTTHQVVAGYRLASETLEVRPSKGLQVFSFTYG,GTVVLTATFALGAAL,iiiiiiiiiiiiiiiiiiiiiiiiiiiiiiiiiiiiiiiiiiiiiiiiiiiiiiiiiiiiiiiiiiiiiiiiiiiiiiiiiiiiiiiiiiiiiiiiiiiiiiiiiiiiiiiiiiiimmmmmmmmmmmmmmmmmmmmmmmoooooooooooooooooooooooooooooooooooooommmmmmmmmmmmmmmmmmmmmmmiiiiiiiiiiiiiiiiiiiiiiiiiiiiiiiiiiiiiiiiiiiiiiiiimmmmmmmmmmmmmmmmmmmmmmmooooooooommmmmmmmmmmmmmmmmmmmmmmiiiiiiiiiiiiiiiiiiiimmmmmmmmmmmmmmmmmmmmmmmoooooooooooooooooooooooooooooooooooooooooooooooooooooooooooooooooooooooooooooooooooooooooooooooooooooooooooooooooooooooooooooooooooooooooooooooooooooooooooooooooooooooooooooooooooooooooooooooooooooooooooooooooooooooooooooooooooooooooooooooooooooooooooooooooooooooooooooooooooooooooooooooooooooooooooooooooooooooooooooooooooooooooooooooooooooooooooo,15
sp|P9WG63|DIPZ_MYCTU,MVESRRAAAAASAYASRCGIAPATSQRSLATPPTISVPSGEGRCRCHVARGAGRDPRRRLRRRRWCGRCGYHSHLTGGEFDVNRLCQQRSRERSCQLVAVPADPRPKRQRITDVLTLALVGFLGGLITGISPCILPVLPVIFFSGAQSVDAAQVAKPEGAVAVRRKRALSATLRPYRVIGGLVLSFGMVTLLGSALLSVLHLPQDAIRWAALVALVAIGAGLIFPRFEQLLEKPFSRIPQKQIVTRSNGFGLGLALGVLYVPCAGPILAAIVVAGATATIGLGTVVLTATFALGAALPLLFFALAGQRIAERVGAFRRRQREIRIATGSVTILLAVALVFDLPAALQRAIPDYTASLQQQISTGTEIREQLNLGGIVNAQNAQLSNCSDGAAQLESCGTAPDLKGITGWLNTPGNKPIDLKSLRGKVVLIDFWAYSCINCQRAIPHVVGWYQAYKDSGLAVIGVHTPEYAFEKVPGNVAKGAANLGISYPIALDNNYATWTNYRNRYWPAEYLIDATGTVRHIKFGEGDYNVTETLVRQLLNDAKPGVKLPQPSSTTTPDLTPRAALTPETYFGVGKVVNYGGGGAYDEGSAVFDYPPSLAANSFALRGRWALDYQGATSDGNDAAIKLNYHAKDVYIVVGGTGTLTVVRDGKPATLPISGPPTTHQVVAGYRLASETLEVRPSKGLQVFSFTYG,LALVGFLGGLITGIS,iiiiiiiiiiiiiiiiiiiiiiiiiiiiiiiiiiiiiiiiiiiiiiiiiiiiiiiiiiiiiiiiiiiiiiiiiiiiiiiiiiiiiiiiiiiiiiiiiiiiiiiiiiiiiiiiiiiimmmmmmmmmmmmmmmmmmmmmmmoooooooooooooooooooooooooooooooooooooommmmmmmmmmmmmmmmmmmmmmmiiiiiiiiiiiiiiiiiiiiiiiiiiiiiiiiiiiiiiiiiiiiiiiiimmmmmmmmmmmmmmmmmmmmmmmooooooooommmmmmmmmmmmmmmmmmmmmmmiiiiiiiiiiiiiiiiiiiimmmmmmmmmmmmmmmmmmmmmmmoooooooooooooooooooooooooooooooooooooooooooooooooooooooooooooooooooooooooooooooooooooooooooooooooooooooooooooooooooooooooooooooooooooooooooooooooooooooooooooooooooooooooooooooooooooooooooooooooooooooooooooooooooooooooooooooooooooooooooooooooooooooooooooooooooooooooooooooooooooooooooooooooooooooooooooooooooooooooooooooooooooooooooooooooooooooooooo,15
sp|P9WG85|Y1877_MYCTU,MAGPTAPTTAPTAIRAGGPLLSPVRRNIIFTALVFGVLVAATGQTIVVPALPTIVAELGSTVDQSWAVTSYLLGGTVVVVVAGKLGDLLGRNRVLLGSVVVFVVGSVLCGLSQTMTMLAISRALQGVGAGAISVTAYALAAEVVPLRDRGRYQGVLGAVFGVNTVTGPLLGGWLTDYLSWRWAFWINVPVSIAVLTVAATAVPALARPPKPVIDYLGILVIAVATTALIMATSWGGTTYAWGSATIVGLLIGAAVALGFFVWLEGRAAAAILPPRLFGSPVFAVCCVLSFVVGFAMLGALTFVPIYLGYVDGASATASGLRTLPMVIGLLIASTGTGVLVGRTGRYKIFPVAGMALMAVAFLLMSQMDEWTPPLLQSLYLVVLGAGIGLSMQVLVLIVQNTSSFEDLGVATSGVTFFRVVGASFGTATFGALFVNFLDRRLGSALTSGAVPVPAVPSPAVLHQLPQSMAAPIVRAYAESLTQVFLCAVSVTVVGFILALLLREVPLTDIHDDADDLGDGFGVPRAESPEDVLEIAVRRMLPNGVRLRDIATQPGCGLGVAELWALLRIYQYQRLFEAVRLTDIGRHLHVPYQVFEPVFDRLVQTGYAARDGDILTLTPSGHRQVDSLAVLIRQWLLDHLAVAPGLKRQPDHQFEAALQHVTDAVLVQRDWYEDLGDLSESRQLAATT,AAVALGFFVWLEGRA,iiiiiiiiiiiiiiiiiiiiiiiiiiiiiiiimmmmmmmmmmmmmmmmmmmmmmmooooooooommmmmmmmmmmmmmmmmmiiiiiiiiiiimmmmmmmmmmmmmmmmmmmmmmmooooooooommmmmmmmmmmmmmmmmmmmiiiiiimmmmmmmmmmmmmmmmmmmmmmmooooooooommmmmmmmmmmmmmmmmmmmmmmiiiiiiiimmmmmmmmmmmmmmmmmmmmmmmooommmmmmmmmmmmmmmmmmmmmmmiiiiiiiiiiiimmmmmmmmmmmmmmmmmmmmmmmmmmmmmmmmoooooooooooooommmmmmmmmmmmmmmmmmmmiiiiiimmmmmmmmmmmmmmmmmmooooooooommmmmmmmmmmmmmmmmmmmmmmiiiiiiiiiiiiiiiimmmmmmmmmmmmmmmmmmmmmmmoooooooooooooooooooooooooooooooooooooooooommmmmmmmmmmmmmmmmmmmmmmiiiiiiiiiiiiiiiiiiiiiiiiiiiiiiiiiiiiiiiiiiiiiiiiiiiiiiiiiiiiiiiiiiiiiiiiiiiiiiiiiiiiiiiiiiiiiiiiiiiiiiiiiiiiiiiiiiiiiiiiiiiiiiiiiiiiiiiiiiiiiiiiiiiiiiiiiiiiiiiiiiiiiiiiiiiiiiiiiiiiiiiiii,11
sp|P9WG85|Y1877_MYCTU,MAGPTAPTTAPTAIRAGGPLLSPVRRNIIFTALVFGVLVAATGQTIVVPALPTIVAELGSTVDQSWAVTSYLLGGTVVVVVAGKLGDLLGRNRVLLGSVVVFVVGSVLCGLSQTMTMLAISRALQGVGAGAISVTAYALAAEVVPLRDRGRYQGVLGAVFGVNTVTGPLLGGWLTDYLSWRWAFWINVPVSIAVLTVAATAVPALARPPKPVIDYLGILVIAVATTALIMATSWGGTTYAWGSATIVGLLIGAAVALGFFVWLEGRAAAAILPPRLFGSPVFAVCCVLSFVVGFAMLGALTFVPIYLGYVDGASATASGLRTLPMVIGLLIASTGTGVLVGRTGRYKIFPVAGMALMAVAFLLMSQMDEWTPPLLQSLYLVVLGAGIGLSMQVLVLIVQNTSSFEDLGVATSGVTFFRVVGASFGTATFGALFVNFLDRRLGSALTSGAVPVPAVPSPAVLHQLPQSMAAPIVRAYAESLTQVFLCAVSVTVVGFILALLLREVPLTDIHDDADDLGDGFGVPRAESPEDVLEIAVRRMLPNGVRLRDIATQPGCGLGVAELWALLRIYQYQRLFEAVRLTDIGRHLHVPYQVFEPVFDRLVQTGYAARDGDILTLTPSGHRQVDSLAVLIRQWLLDHLAVAPGLKRQPDHQFEAALQHVTDAVLVQRDWYEDLGDLSESRQLAATT,AISVTAYALAAEVVP,iiiiiiiiiiiiiiiiiiiiiiiiiiiiiiiimmmmmmmmmmmmmmmmmmmmmmmooooooooommmmmmmmmmmmmmmmmmiiiiiiiiiiimmmmmmmmmmmmmmmmmmmmmmmooooooooommmmmmmmmmmmmmmmmmmmiiiiiimmmmmmmmmmmmmmmmmmmmmmmooooooooommmmmmmmmmmmmmmmmmmmmmmiiiiiiiimmmmmmmmmmmmmmmmmmmmmmmooommmmmmmmmmmmmmmmmmmmmmmiiiiiiiiiiiimmmmmmmmmmmmmmmmmmmmmmmmmmmmmmmmoooooooooooooommmmmmmmmmmmmmmmmmmmiiiiiimmmmmmmmmmmmmmmmmmooooooooommmmmmmmmmmmmmmmmmmmmmmiiiiiiiiiiiiiiiimmmmmmmmmmmmmmmmmmmmmmmoooooooooooooooooooooooooooooooooooooooooommmmmmmmmmmmmmmmmmmmmmmiiiiiiiiiiiiiiiiiiiiiiiiiiiiiiiiiiiiiiiiiiiiiiiiiiiiiiiiiiiiiiiiiiiiiiiiiiiiiiiiiiiiiiiiiiiiiiiiiiiiiiiiiiiiiiiiiiiiiiiiiiiiiiiiiiiiiiiiiiiiiiiiiiiiiiiiiiiiiiiiiiiiiiiiiiiiiiiiiiiiiiiiii,15
sp|P9WGL3|KDPD_MYCTU,MTLLFADLCAIFTPYRWMIEHVTTKRGQLRIYLGAAPGVGKTYAMLGEAHRRLERGTDVVAAVVETHGRNKTAKLLEGIEMIPPRYVEYRGARFPELDVEAVLRRHPQVVLVDELAHTNTPGSKNPKRWQDVQEILDAGITVISTVNIQHLEGLNDVVEQITGIEQKEKIPDEIVRAADQVELVDITPEALRRRLAHGNVYAAERVDAALSNYFRTGNLTALREIALLWLADQVDAALEKYRADKKITATWEARERVVVAVTGGPESETLVRRASRIASKSSAELMVVHVIRGDGLAGVSAPQLGRVRELATSLGATMHTVVGDDVPTALLDFAREMNATQLVVGTSRRSRWARLFDEGIGARTVQEPGGIDVHMVTHPAASRASGWSRVSPRERHIASWLAALVVPSVICAITVAWLDRFMGIGGESALFFIGVLIVALLGGVAPAALSALLSGMLLNYFLTEPRYTWTIAEPDAAVTEFVLLAMAVAVAVLVDGAASRTREARRASQEAELLALFAGSVLRGADLATLLQRVRETYSQRAVTMLRVRQGASTGETVACVGTNPCRDVDSADTAIEVGDDEFWMLMAGRKLAARDRRVLTAVATQAAGLVKQRELAEEAGQAEAIARADELRRSLLSAVSHDLRTPLAAAKVAVSSLRTEDVAFSPEDTAELLATIEESIDQLTALVANLLDSSRLAAGVIRPQLRRAYLEEAVQRALVSIGKGATGFYRSGIDRVKVDVGDAVAMADAGLLERVLANLIDNALRYAPDCVVRVNAGRVRERVLINVIDEGPGVPRGTEEQLFAPFQRPGDHDNTTGVGLGMSVARGFVEAMGGTISATDTPGGGLTVVIDLAAPEDRP,ESALFFIGVLIVALL,ooooooooooooooooooooooooooooooooooooooooooooooooooooooooooooooooooooooooooooooooooooooooooooooooooooooooooooooooooooooooooooooooooooooooooooooooooooooooooooooooooooooooooooooooooooooooooooooooooooooooooooooooooooooooooooooooooooooooooooooooooooooooooooooooooooooooooooooooooooooooooooooooooooooooooooooooooooooooooooooooooooooooooooooooooooooooooooooooooooooooooooooooooooooooooooooooooooooooooommmmmmmmmmmmmmmmmmmmmmmiiiiiiiiiiimmmmmmmmmmmmmmmmmmmmmmmooooooooooooooooooooooommmmmmmmmmmmmmmmmmmmmmmiiiiiiiiiiiiiiiiiiiiiiiiiiiiiiiiiiiiiiiiiiiiiiiiiiiiiiiiiiiiiiiiiiiiiiiiiiiiiiiiiiiiiiiiiiiiiiiiiiiiiiiiiiiiiiiiiiiiiiiiiiiiiiiiiiiiiiiiiiiiiiiiiiiiiiiiiiiiiiiiiiiiiiiiiiiiiiiiiiiiiiiiiiiiiiiiiiiiiiiiiiiiiiiiiiiiiiiiiiiiiiiiiiiiiiiiiiiiiiiiiiiiiiiiiiiiiiiiiiiiiiiiiiiiiiiiiiiiiiiiiiiiiiiiiiiiiiiiiiiiiiiiiiiiiiiiiiiiiiiiiiiiiiiiiiiiiiiiiiiiiiiiiiiiiiiiiiiiiiiiii,12
sp|P9WHS3|RIP1_MYCTU,MMFVTGIVLFALAILISVALHECGHMWVARRTGMKVRRYFVGFGPTLWSTRRGETEYGVKAVPLGGFCDIAGMTPVEELDPDERDRAMYKQATWKRVAVLFAGPGMNLAICLVLIYAIALVWGLPNLHPPTRAVIGETGCVAQEVSQGKLEQCTGPGPAALAGIRSGDVVVKVGDTPVSSFDEMAAAVRKSHGSVPIVVERDGTAIVTYVDIESTQRWIPNGQGGELQPATVGAIGVGAARVGPVRYGVFSAMPATFAVTGDLTVEVGKALAALPTKVGALVRAIGGGQRDPQTPISVVGASIIGGDTVDHGLWVAFWFFLAQLNLILAAINLLPLLPFDGGHIAVAVFERIRNMVRSARGKVAAAPVNYLKLLPATYVVLVLVVGYMLLTVTADLVNPIRLFQ,NLAICLVLIYAIALV,ooooommmmmmmmmmmmmmmmmmmmmmmiiiiiiiiiiiiiiiiiiiiiiiiiiiiiiiiiiiiiiiiiiiiiiiiiiiiiiiiiiiiiiiiiiiimmmmmmmmmmmmmmmmmmmmmmmooooooooooooooooooooooooooooooooooooooooooooooooooooooooooooooooooooooooooooooooooooooooooooooooooooooooooooooooooooooooooooooooooooooooooooooooooooooooooooooooooooooooooooooooooooooooooooooooooooooooooooooommmmmmmmmmmmmmmmmmmmmmmiiiiiiiiiiiiiiiiiiiimmmmmmmmmmmmmmmmmmmmmmmoooooooooooo,13
sp|P9WHY7|PPE47_MYCTU,MTAPVWLASPPEVHSALLSAGPGPGSLQAAAAGWSALSAEYAAVAQELSVVVAAVGAGVWQGPSAELFVAAYVPYVAWLVQASADSAAAAGEHEAAAAGYVCALAEMPTLPELAANHLTHAVLVATNFFGINTIPIALNEADYVRMWVQAATVMSAYEAVVGAALVATPHTGPAPVIVKPGANEASNAVAAATITPFPFGELAKFLEMAAQAFTEVGELIMKSAEAWAVGFVELITGLVNFEPWLVLTGMIDMFFATVGFALGVFVLVPLLEFAVVLELAILSIGWIISNIFGAIPVLGGPLLGALAAAVVPGVAGLAGVAGLAALPAVGAAAGAPAALVGSVAPVSGGVVSPQARLVSAVEPAPASTSVSVLASDRGAGALGFVGTAGKESVGQPAGLTVLADEFGDGAPVPMLPGSWGPDLVGVAGDGGLVSV,GWIISNIFGAIPVLG,ooooooooooooooooooooooooooooooooooooooooooooooooooooooooooooooooooooooooooooooooooooooooooooooooooooooooooooooooooooooooooooooooooooooooooooooooooooooooooooooooooooooooooooooooooooooooooooooooooooooooooooooooooooooooooooooooooooooooooooooooooommmmmmmmmmmmmmmmmmmmmmmiiiiiimmmmmmmmmmmmmmmmmmmmmmmooooooooommmmmmmmmmmmmmmmmmmmmmmiiiiiiiiiiiiiiiiiiiiiiiiiiiiiiiiiiiiiiiiiiiiiiiiiiiiiiiiiiiiiiiiiiiiiiiiiiiiiiiiiiiiiiiiiiiiiiiiiiiiiiiiiiii,11
sp|P9WHY7|PPE47_MYCTU,MTAPVWLASPPEVHSALLSAGPGPGSLQAAAAGWSALSAEYAAVAQELSVVVAAVGAGVWQGPSAELFVAAYVPYVAWLVQASADSAAAAGEHEAAAAGYVCALAEMPTLPELAANHLTHAVLVATNFFGINTIPIALNEADYVRMWVQAATVMSAYEAVVGAALVATPHTGPAPVIVKPGANEASNAVAAATITPFPFGELAKFLEMAAQAFTEVGELIMKSAEAWAVGFVELITGLVNFEPWLVLTGMIDMFFATVGFALGVFVLVPLLEFAVVLELAILSIGWIISNIFGAIPVLGGPLLGALAAAVVPGVAGLAGVAGLAALPAVGAAAGAPAALVGSVAPVSGGVVSPQARLVSAVEPAPASTSVSVLASDRGAGALGFVGTAGKESVGQPAGLTVLADEFGDGAPVPMLPGSWGPDLVGVAGDGGLVSV,LLEFAVVLELAILSI,ooooooooooooooooooooooooooooooooooooooooooooooooooooooooooooooooooooooooooooooooooooooooooooooooooooooooooooooooooooooooooooooooooooooooooooooooooooooooooooooooooooooooooooooooooooooooooooooooooooooooooooooooooooooooooooooooooooooooooooooooooommmmmmmmmmmmmmmmmmmmmmmiiiiiimmmmmmmmmmmmmmmmmmmmmmmooooooooommmmmmmmmmmmmmmmmmmmmmmiiiiiiiiiiiiiiiiiiiiiiiiiiiiiiiiiiiiiiiiiiiiiiiiiiiiiiiiiiiiiiiiiiiiiiiiiiiiiiiiiiiiiiiiiiiiiiiiiiiiiiiiiiii,12
sp|P9WIB9|SCMU_MYCTU,MLTRPREIYLATAVSIGILLSLIAPLGPPLARADGTSQLAELVDAAAERLEVADPVAAFKWRAQLPIEDSGRVEQQLAKLGEDARSQHIDPDYVTRVFDDQIRATEAIEYSRFSDWKLNPASAPPEPPDLSASRSAIDSLNNRMLSQIWSHWSLLSAPSCAAQLDRAKRDIVRSRHLDSLYQRALTTATQSYCQALPPA,AVSIGILLSLIAPLG,iiiiiimmmmmmmmmmmmmmmmmmmmmmmoooooooooooooooooooooooooooooooooooooooooooooooooooooooooooooooooooooooooooooooooooooooooooooooooooooooooooooooooooooooooooooooooooooooooooooooooooooooooooooooooooooooooo,15
sp|P9WIP1|MP63_MYCTU,MKLTTMIKTAVAVVAMAAIATFAAPVALAAYPITGKLGSELTMTDTVGQVVLGWKVSDLKSSTAVIPGYPVAGQVWEATATVNAIRGSVTPAVSQFNARTADGINYRVLWQAAGPDTISGATIPQGEQSTGKIYFDVTGPSPTIVAMNNGMEDLLIWEP,FAAPVALAAYPITGK,iiiiiiiiiiimmmmmmmmmmmmmmmmmmmmmmmooooooooooooooooooooooooooooooooooooooooooooooooooooooooooooooooooooooooooooooooooooooooooooooooooooooooooooooooooooooooooooo,13
sp|P9WIP1|MP63_MYCTU,MKLTTMIKTAVAVVAMAAIATFAAPVALAAYPITGKLGSELTMTDTVGQVVLGWKVSDLKSSTAVIPGYPVAGQVWEATATVNAIRGSVTPAVSQFNARTADGINYRVLWQAAGPDTISGATIPQGEQSTGKIYFDVTGPSPTIVAMNNGMEDLLIWEP,IATFAAPVALAAYPI,iiiiiiiiiiimmmmmmmmmmmmmmmmmmmmmmmooooooooooooooooooooooooooooooooooooooooooooooooooooooooooooooooooooooooooooooooooooooooooooooooooooooooooooooooooooooooooooo,15
sp|P9WIP1|MP63_MYCTU,MKLTTMIKTAVAVVAMAAIATFAAPVALAAYPITGKLGSELTMTDTVGQVVLGWKVSDLKSSTAVIPGYPVAGQVWEATATVNAIRGSVTPAVSQFNARTADGINYRVLWQAAGPDTISGATIPQGEQSTGKIYFDVTGPSPTIVAMNNGMEDLLIWEP,MAAIATFAAPVALAA,iiiiiiiiiiimmmmmmmmmmmmmmmmmmmmmmmooooooooooooooooooooooooooooooooooooooooooooooooooooooooooooooooooooooooooooooooooooooooooooooooooooooooooooooooooooooooooooo,15
sp|P9WIP1|MP63_MYCTU,MKLTTMIKTAVAVVAMAAIATFAAPVALAAYPITGKLGSELTMTDTVGQVVLGWKVSDLKSSTAVIPGYPVAGQVWEATATVNAIRGSVTPAVSQFNARTADGINYRVLWQAAGPDTISGATIPQGEQSTGKIYFDVTGPSPTIVAMNNGMEDLLIWEP,PVALAAYPITGKLGS,iiiiiiiiiiimmmmmmmmmmmmmmmmmmmmmmmooooooooooooooooooooooooooooooooooooooooooooooooooooooooooooooooooooooooooooooooooooooooooooooooooooooooooooooooooooooooooooo,10
sp|P9WIR1|CFP6_MYCTU,MAHFAVGFLTLGLLVPVLTWPVSAPLLVIPVALSASIIRLRTLADERGVTVRTLVGSRAVRWDDIDGLRFHRGSWARATLKDGTELRLPAVTFATLPHLTEASSGRVPNPYR,LLVIPVALSASIIRL,oooooooooooooommmmmmmmmmmmmmmmmmmmmmmiiiiiiiiiiiiiiiiiiiiiiiiiiiiiiiiiiiiiiiiiiiiiiiiiiiiiiiiiiiiiiiiiiiiiiiiiii,12
sp|P9WJN5|MSCL_MYCTU,MLKGFKEFLARGNIVDLAVAVVIGTAFTALVTKFTDSIITPLINRIGVNAQSDVGILRIGIGGGQTIDLNVLLSAAINFFLIAFAVYFLVVLPYNTLRKKGEVEQPGDTQVVLLTEIRDLLAQTNGDSPGRHGGRGTPSPTDGPRASTESQ,IDLNVLLSAAINFFL,iiiiiiiiiiiimmmmmmmmmmmmmmmmmmmmoooooooooooooooooooooooooooooooooooommmmmmmmmmmmmmmmmmmmmmmiiiiiiiiiiiiiiiiiiiiiiiiiiiiiiiiiiiiiiiiiiiiiiiiiiiiiiiiiiii,13
sp|P9WJU5|MMPL8_MYCTU,MCDVLMQPVRTPRPSTNLRSKPLRPTGDGGVFPRLGRLIVRRPWVVIAFWVALAGLLAPTVPSLDAISQRHPVAILPSDAPVLVSTRQMTAAFREAGLQSVAVVVLSDAKGLGAADERSYKELVDALRRDTRDVVMLQDFVTTPPLRELMTSKDNQAWILPVGLPGDLGSTQSKQAYARVADIVEHQVAGSTLTANLTGPAATVADLNLTGQRDRSRIEFAITILLLVILLIIYGNPITMVLPLITIGMSVVVAQRLVAIAGLAGLGIANQSIIFMSGMMVGAGTDYAVFLISRYHDYLRQGADSDQAVKKALTSIGKVIAASAATVAITFLGMVFTQLGILKTVGPMLGISVAVVFFAAVTLLPALMVLTGRRGWIAPRRDLTRRFWRSSGVHIVRRPKTHLLASALVLVILAGCAGLARYNYDDRKTLPASVESSIGYAALDKHFPSNLIIPEYLFIQSSTDLRTPKALADLEQMVQRVSQVPGVAMVRGITRPAGRSLEQARTSWQAGEVGSKLDEGSKQIAVHTGDIDKLAGGANLMASKLGDVRAQVNRAISTVGGLIDALAYLQDLLGGNRVLGELEGAEKLIGSMRALGDTIDADASFVANNTEWASPVLGALDSSPMCTADPACASARTELQRLVTARDDGTLAKISELARQLQATRAVQTLAATVSGLRGALATVIRAMGSLGMSSPGGVRSKINLVNKGVNDLADGSRQLAEGVQLLVDQVKKMGFGLGEASAFLLAMKDTATTPAMAGFYIPPELLSYATGESVKAETMPSEYRDLLGGLNVDQLKKVAAAFISPDGHSIRYLIQTDLNPFSTAAMDQIDAITAAARGAQPNTALADAKVSVVGLPVVLKDTRDYSDHDLRLIIAMTVCIVLLILIVLLRAIVAPLYLIGSVIVSYLAALGIGVIVFQFLLGQEMHWSIPGLTFVILVAVGADYNMLLISRLREEAVLGVRSGVIRTVASTGGVITAAGLIMAASMYGLVFASLGSVVQGAFVLGTGLLLDTFLVRTVTVPAIAVLVGQANWWLPSSWRPATWWPLGRRRGRAQRTKRKPLLPKEEEEQSPPDDDDLIGLWLHDGLRL,ADYNMLLISRLREEA,iiiiiiiiiiiiiiiiiiiiiiiiiiiiiiiiiiiiiiiiiiimmmmmmmmmmmmmmmmmmmmmmmooooooooooooooooooooooooooooooooooooooooooooooooooooooooooooooooooooooooooooooooooooooooooooooooooooooooooooooooooooooooooooooooooooooooooooooooooooooooommmmmmmmmmmmmmmmmmmmmmmiiiimmmmmmmmmmmmmmmmmmmmmmmooommmmmmmmmmmmmmmmmmmmmmmiiiiiiiiiiiiiiiiiiiimmmmmmmmmmmmmmmmmmmmmmmooooooooommmmmmmmmmmmmmmmmmmmmmmiiiiiiiiiiiiiiiiiiiiiiiiiiiiiiimmmmmmmmmmmmmmmmmmmmmmmoooooooooooooooooooooooooooooooooooooooooooooooooooooooooooooooooooooooooooooooooooooooooooooooooooooooooooooooooooooooooooooooooooooooooooooooooooooooooooooooooooooooooooooooooooooooooooooooooooooooooooooooooooooooooooooooooooooooooooooooooooooooooooooooooooooooooooooooooooooooooooooooooooooooooooooooooooooooooooooooooooooooooooooooooooooooooooooooooooooooooooooooooooooooooooooooooooooooooooooooooooooooooooooooooooooooooooooooooooooooooooooooommmmmmmmmmmmmmmmmmmmmmmiiiimmmmmmmmmmmmmmmmmmmmmmmooooommmmmmmmmmmmmmmmmmmmmmmiiiiiiiiiiiimmmmmmmmmmmmmmmmmmmmmmmooommmmmmmmmmmmmmmmmmmmmmmiiiiiiiiiiiiiiiiiiiiiiiiiiiiiiiiiiiiiiiiiiiiiiiiiiiiiiiiiiiiiiiiiiiiiiiiiiiiii,8
sp|P9WJU5|MMPL8_MYCTU,MCDVLMQPVRTPRPSTNLRSKPLRPTGDGGVFPRLGRLIVRRPWVVIAFWVALAGLLAPTVPSLDAISQRHPVAILPSDAPVLVSTRQMTAAFREAGLQSVAVVVLSDAKGLGAADERSYKELVDALRRDTRDVVMLQDFVTTPPLRELMTSKDNQAWILPVGLPGDLGSTQSKQAYARVADIVEHQVAGSTLTANLTGPAATVADLNLTGQRDRSRIEFAITILLLVILLIIYGNPITMVLPLITIGMSVVVAQRLVAIAGLAGLGIANQSIIFMSGMMVGAGTDYAVFLISRYHDYLRQGADSDQAVKKALTSIGKVIAASAATVAITFLGMVFTQLGILKTVGPMLGISVAVVFFAAVTLLPALMVLTGRRGWIAPRRDLTRRFWRSSGVHIVRRPKTHLLASALVLVILAGCAGLARYNYDDRKTLPASVESSIGYAALDKHFPSNLIIPEYLFIQSSTDLRTPKALADLEQMVQRVSQVPGVAMVRGITRPAGRSLEQARTSWQAGEVGSKLDEGSKQIAVHTGDIDKLAGGANLMASKLGDVRAQVNRAISTVGGLIDALAYLQDLLGGNRVLGELEGAEKLIGSMRALGDTIDADASFVANNTEWASPVLGALDSSPMCTADPACASARTELQRLVTARDDGTLAKISELARQLQATRAVQTLAATVSGLRGALATVIRAMGSLGMSSPGGVRSKINLVNKGVNDLADGSRQLAEGVQLLVDQVKKMGFGLGEASAFLLAMKDTATTPAMAGFYIPPELLSYATGESVKAETMPSEYRDLLGGLNVDQLKKVAAAFISPDGHSIRYLIQTDLNPFSTAAMDQIDAITAAARGAQPNTALADAKVSVVGLPVVLKDTRDYSDHDLRLIIAMTVCIVLLILIVLLRAIVAPLYLIGSVIVSYLAALGIGVIVFQFLLGQEMHWSIPGLTFVILVAVGADYNMLLISRLREEAVLGVRSGVIRTVASTGGVITAAGLIMAASMYGLVFASLGSVVQGAFVLGTGLLLDTFLVRTVTVPAIAVLVGQANWWLPSSWRPATWWPLGRRRGRAQRTKRKPLLPKEEEEQSPPDDDDLIGLWLHDGLRL,AITILLLVILLIIYG,iiiiiiiiiiiiiiiiiiiiiiiiiiiiiiiiiiiiiiiiiiimmmmmmmmmmmmmmmmmmmmmmmooooooooooooooooooooooooooooooooooooooooooooooooooooooooooooooooooooooooooooooooooooooooooooooooooooooooooooooooooooooooooooooooooooooooooooooooooooooooommmmmmmmmmmmmmmmmmmmmmmiiiimmmmmmmmmmmmmmmmmmmmmmmooommmmmmmmmmmmmmmmmmmmmmmiiiiiiiiiiiiiiiiiiiimmmmmmmmmmmmmmmmmmmmmmmooooooooommmmmmmmmmmmmmmmmmmmmmmiiiiiiiiiiiiiiiiiiiiiiiiiiiiiiimmmmmmmmmmmmmmmmmmmmmmmoooooooooooooooooooooooooooooooooooooooooooooooooooooooooooooooooooooooooooooooooooooooooooooooooooooooooooooooooooooooooooooooooooooooooooooooooooooooooooooooooooooooooooooooooooooooooooooooooooooooooooooooooooooooooooooooooooooooooooooooooooooooooooooooooooooooooooooooooooooooooooooooooooooooooooooooooooooooooooooooooooooooooooooooooooooooooooooooooooooooooooooooooooooooooooooooooooooooooooooooooooooooooooooooooooooooooooooooooooooooooooooooommmmmmmmmmmmmmmmmmmmmmmiiiimmmmmmmmmmmmmmmmmmmmmmmooooommmmmmmmmmmmmmmmmmmmmmmiiiiiiiiiiiimmmmmmmmmmmmmmmmmmmmmmmooommmmmmmmmmmmmmmmmmmmmmmiiiiiiiiiiiiiiiiiiiiiiiiiiiiiiiiiiiiiiiiiiiiiiiiiiiiiiiiiiiiiiiiiiiiiiiiiiiiii,15
sp|P9WJU5|MMPL8_MYCTU,MCDVLMQPVRTPRPSTNLRSKPLRPTGDGGVFPRLGRLIVRRPWVVIAFWVALAGLLAPTVPSLDAISQRHPVAILPSDAPVLVSTRQMTAAFREAGLQSVAVVVLSDAKGLGAADERSYKELVDALRRDTRDVVMLQDFVTTPPLRELMTSKDNQAWILPVGLPGDLGSTQSKQAYARVADIVEHQVAGSTLTANLTGPAATVADLNLTGQRDRSRIEFAITILLLVILLIIYGNPITMVLPLITIGMSVVVAQRLVAIAGLAGLGIANQSIIFMSGMMVGAGTDYAVFLISRYHDYLRQGADSDQAVKKALTSIGKVIAASAATVAITFLGMVFTQLGILKTVGPMLGISVAVVFFAAVTLLPALMVLTGRRGWIAPRRDLTRRFWRSSGVHIVRRPKTHLLASALVLVILAGCAGLARYNYDDRKTLPASVESSIGYAALDKHFPSNLIIPEYLFIQSSTDLRTPKALADLEQMVQRVSQVPGVAMVRGITRPAGRSLEQARTSWQAGEVGSKLDEGSKQIAVHTGDIDKLAGGANLMASKLGDVRAQVNRAISTVGGLIDALAYLQDLLGGNRVLGELEGAEKLIGSMRALGDTIDADASFVANNTEWASPVLGALDSSPMCTADPACASARTELQRLVTARDDGTLAKISELARQLQATRAVQTLAATVSGLRGALATVIRAMGSLGMSSPGGVRSKINLVNKGVNDLADGSRQLAEGVQLLVDQVKKMGFGLGEASAFLLAMKDTATTPAMAGFYIPPELLSYATGESVKAETMPSEYRDLLGGLNVDQLKKVAAAFISPDGHSIRYLIQTDLNPFSTAAMDQIDAITAAARGAQPNTALADAKVSVVGLPVVLKDTRDYSDHDLRLIIAMTVCIVLLILIVLLRAIVAPLYLIGSVIVSYLAALGIGVIVFQFLLGQEMHWSIPGLTFVILVAVGADYNMLLISRLREEAVLGVRSGVIRTVASTGGVITAAGLIMAASMYGLVFASLGSVVQGAFVLGTGLLLDTFLVRTVTVPAIAVLVGQANWWLPSSWRPATWWPLGRRRGRAQRTKRKPLLPKEEEEQSPPDDDDLIGLWLHDGLRL,DRSRIEFAITILLLV,iiiiiiiiiiiiiiiiiiiiiiiiiiiiiiiiiiiiiiiiiiimmmmmmmmmmmmmmmmmmmmmmmooooooooooooooooooooooooooooooooooooooooooooooooooooooooooooooooooooooooooooooooooooooooooooooooooooooooooooooooooooooooooooooooooooooooooooooooooooooooommmmmmmmmmmmmmmmmmmmmmmiiiimmmmmmmmmmmmmmmmmmmmmmmooommmmmmmmmmmmmmmmmmmmmmmiiiiiiiiiiiiiiiiiiiimmmmmmmmmmmmmmmmmmmmmmmooooooooommmmmmmmmmmmmmmmmmmmmmmiiiiiiiiiiiiiiiiiiiiiiiiiiiiiiimmmmmmmmmmmmmmmmmmmmmmmoooooooooooooooooooooooooooooooooooooooooooooooooooooooooooooooooooooooooooooooooooooooooooooooooooooooooooooooooooooooooooooooooooooooooooooooooooooooooooooooooooooooooooooooooooooooooooooooooooooooooooooooooooooooooooooooooooooooooooooooooooooooooooooooooooooooooooooooooooooooooooooooooooooooooooooooooooooooooooooooooooooooooooooooooooooooooooooooooooooooooooooooooooooooooooooooooooooooooooooooooooooooooooooooooooooooooooooooooooooooooooooooommmmmmmmmmmmmmmmmmmmmmmiiiimmmmmmmmmmmmmmmmmmmmmmmooooommmmmmmmmmmmmmmmmmmmmmmiiiiiiiiiiiimmmmmmmmmmmmmmmmmmmmmmmooommmmmmmmmmmmmmmmmmmmmmmiiiiiiiiiiiiiiiiiiiiiiiiiiiiiiiiiiiiiiiiiiiiiiiiiiiiiiiiiiiiiiiiiiiiiiiiiiiiii,9
sp|P9WLS9|Y1733_MYCTU,MIATTRDREGATMITFRLRLPCRTILRVFSRNPLVRGTDRLEAVVMLLAVTVSLLTIPFAAAAGTAVQDSRSHVYAHQAQTRHPATATVIDHEGVIDSNTTATSAPPRTKITVPARWVVNGIERSGEVNAKPGTKSGDRVGIWVDSAGQLVDEPAPPARAIADAALAALGLWLSVAAVAGALLALTRAILIRVRNASWQHDIDSLFCTQR,AGTAVQDSRSHVYAH,iiiiiiiiiiiiiiiiiiiiiiiiiiiiiiiiiiiiiiiiiiimmmmmmmmmmmmmmmmmmmmmmmooooooooooooooooooooooooooooooooooooooooooooooooooooooooooooooooooooooooooooooooooooooooooooooooommmmmmmmmmmmmmmmmmmmmmmiiiiiiiiiiiiiiiiiiiiiiii,4
sp|P9WNQ3|ECCD3_MYCTU,MSGTVMQIVRVAILADSRLTEMALPAELPLREILPAVQRLVVPSAQNGDGGQADSGAAVQLSLAPVGGQPFSLDASLDTVGVVDGDLLVLQPVPAGPAAPGIVEDIADAAMIFSTSRLKPWGIAHIQRGALAAVIAVALLATGLTVTYRVATGVLAGLLAVAGIAVASALAGLLITIRSPRSGIALSIAALVPIGAALALAVPGKFGPAQVLLGAAGVAAWSLIALMIPSAERERVVAFFTAAAVVGASVALAAGAQLLWQLPLLSIGCGLIVAALLVTIQAAQLSALWARFPLPVIPAPGDPTPSAPPLRLLEDLPRRVRVSDAHQSGFIAAAVLLSVLGSVAIAVRPEALSVVGWYLVAATAAAATLRARVWDSAACKAWLLAQPYLVAGVLLVFYTATGRYVAAFGAVLVLAVLMLAWVVVALNPGIASPESYSLPLRRLLGLVAAGLDVSLIPVMAYLVGLFAWVLNR,AAGAQLLWQLPLLSI,iiiiiiiiiiiiiiiiiiiiiiiiiiiiiiiiiiiiiiiiiiiiiiiiiiiiiiiiiiiiiiiiiiiiiiiiiiiiiiiiiiiiiiiiiiiiiiiiiiiiiiiiiiiiiiiiiiiiiiiiiiiiiiiimmmmmmmmmmmmmmmmmmmmmmmooommmmmmmmmmmmmmmmmmmmmmmiiiiiimmmmmmmmmmmmmmmmmmmooommmmmmmmmmmmmmmmmmmmmmmiiiiiimmmmmmmmmmmmmmmmmmmmooommmmmmmmmmmmmmmmmmmmmmmiiiiiiiiiiiiiiiiiiiiiiiiiiiiiiiiiiiiiiiiiiiiiiimmmmmmmmmmmmmmmmmmmmoooommmmmmmmmmmmmmmmmmmmmmmiiiiiimmmmmmmmmmmmmmmmmmmmooommmmmmmmmmmmmmmmmmmmmmmiiiiiiiiiiiiiiiiiiiimmmmmmmmmmmmmmmmmmmmmmmooo,12
sp|P9WNQ3|ECCD3_MYCTU,MSGTVMQIVRVAILADSRLTEMALPAELPLREILPAVQRLVVPSAQNGDGGQADSGAAVQLSLAPVGGQPFSLDASLDTVGVVDGDLLVLQPVPAGPAAPGIVEDIADAAMIFSTSRLKPWGIAHIQRGALAAVIAVALLATGLTVTYRVATGVLAGLLAVAGIAVASALAGLLITIRSPRSGIALSIAALVPIGAALALAVPGKFGPAQVLLGAAGVAAWSLIALMIPSAERERVVAFFTAAAVVGASVALAAGAQLLWQLPLLSIGCGLIVAALLVTIQAAQLSALWARFPLPVIPAPGDPTPSAPPLRLLEDLPRRVRVSDAHQSGFIAAAVLLSVLGSVAIAVRPEALSVVGWYLVAATAAAATLRARVWDSAACKAWLLAQPYLVAGVLLVFYTATGRYVAAFGAVLVLAVLMLAWVVVALNPGIASPESYSLPLRRLLGLVAAGLDVSLIPVMAYLVGLFAWVLNR,AAGVAAWSLIALMIP,iiiiiiiiiiiiiiiiiiiiiiiiiiiiiiiiiiiiiiiiiiiiiiiiiiiiiiiiiiiiiiiiiiiiiiiiiiiiiiiiiiiiiiiiiiiiiiiiiiiiiiiiiiiiiiiiiiiiiiiiiiiiiiiimmmmmmmmmmmmmmmmmmmmmmmooommmmmmmmmmmmmmmmmmmmmmmiiiiiimmmmmmmmmmmmmmmmmmmooommmmmmmmmmmmmmmmmmmmmmmiiiiiimmmmmmmmmmmmmmmmmmmmooommmmmmmmmmmmmmmmmmmmmmmiiiiiiiiiiiiiiiiiiiiiiiiiiiiiiiiiiiiiiiiiiiiiiimmmmmmmmmmmmmmmmmmmmoooommmmmmmmmmmmmmmmmmmmmmmiiiiiimmmmmmmmmmmmmmmmmmmmooommmmmmmmmmmmmmmmmmmmmmmiiiiiiiiiiiiiiiiiiiimmmmmmmmmmmmmmmmmmmmmmmooo,14
sp|P9WNQ3|ECCD3_MYCTU,MSGTVMQIVRVAILADSRLTEMALPAELPLREILPAVQRLVVPSAQNGDGGQADSGAAVQLSLAPVGGQPFSLDASLDTVGVVDGDLLVLQPVPAGPAAPGIVEDIADAAMIFSTSRLKPWGIAHIQRGALAAVIAVALLATGLTVTYRVATGVLAGLLAVAGIAVASALAGLLITIRSPRSGIALSIAALVPIGAALALAVPGKFGPAQVLLGAAGVAAWSLIALMIPSAERERVVAFFTAAAVVGASVALAAGAQLLWQLPLLSIGCGLIVAALLVTIQAAQLSALWARFPLPVIPAPGDPTPSAPPLRLLEDLPRRVRVSDAHQSGFIAAAVLLSVLGSVAIAVRPEALSVVGWYLVAATAAAATLRARVWDSAACKAWLLAQPYLVAGVLLVFYTATGRYVAAFGAVLVLAVLMLAWVVVALNPGIASPESYSLPLRRLLGLVAAGLDVSLIPVMAYLVGLFAWVLNR,GWYLVAATAAAATLR,iiiiiiiiiiiiiiiiiiiiiiiiiiiiiiiiiiiiiiiiiiiiiiiiiiiiiiiiiiiiiiiiiiiiiiiiiiiiiiiiiiiiiiiiiiiiiiiiiiiiiiiiiiiiiiiiiiiiiiiiiiiiiiiimmmmmmmmmmmmmmmmmmmmmmmooommmmmmmmmmmmmmmmmmmmmmmiiiiiimmmmmmmmmmmmmmmmmmmooommmmmmmmmmmmmmmmmmmmmmmiiiiiimmmmmmmmmmmmmmmmmmmmooommmmmmmmmmmmmmmmmmmmmmmiiiiiiiiiiiiiiiiiiiiiiiiiiiiiiiiiiiiiiiiiiiiiiimmmmmmmmmmmmmmmmmmmmoooommmmmmmmmmmmmmmmmmmmmmmiiiiiimmmmmmmmmmmmmmmmmmmmooommmmmmmmmmmmmmmmmmmmmmmiiiiiiiiiiiiiiiiiiiimmmmmmmmmmmmmmmmmmmmmmmooo,15
sp|P9WNQ3|ECCD3_MYCTU,MSGTVMQIVRVAILADSRLTEMALPAELPLREILPAVQRLVVPSAQNGDGGQADSGAAVQLSLAPVGGQPFSLDASLDTVGVVDGDLLVLQPVPAGPAAPGIVEDIADAAMIFSTSRLKPWGIAHIQRGALAAVIAVALLATGLTVTYRVATGVLAGLLAVAGIAVASALAGLLITIRSPRSGIALSIAALVPIGAALALAVPGKFGPAQVLLGAAGVAAWSLIALMIPSAERERVVAFFTAAAVVGASVALAAGAQLLWQLPLLSIGCGLIVAALLVTIQAAQLSALWARFPLPVIPAPGDPTPSAPPLRLLEDLPRRVRVSDAHQSGFIAAAVLLSVLGSVAIAVRPEALSVVGWYLVAATAAAATLRARVWDSAACKAWLLAQPYLVAGVLLVFYTATGRYVAAFGAVLVLAVLMLAWVVVALNPGIASPESYSLPLRRLLGLVAAGLDVSLIPVMAYLVGLFAWVLNR,IPVMAYLVGLFAWVL,iiiiiiiiiiiiiiiiiiiiiiiiiiiiiiiiiiiiiiiiiiiiiiiiiiiiiiiiiiiiiiiiiiiiiiiiiiiiiiiiiiiiiiiiiiiiiiiiiiiiiiiiiiiiiiiiiiiiiiiiiiiiiiiimmmmmmmmmmmmmmmmmmmmmmmooommmmmmmmmmmmmmmmmmmmmmmiiiiiimmmmmmmmmmmmmmmmmmmooommmmmmmmmmmmmmmmmmmmmmmiiiiiimmmmmmmmmmmmmmmmmmmmooommmmmmmmmmmmmmmmmmmmmmmiiiiiiiiiiiiiiiiiiiiiiiiiiiiiiiiiiiiiiiiiiiiiiimmmmmmmmmmmmmmmmmmmmoooommmmmmmmmmmmmmmmmmmmmmmiiiiiimmmmmmmmmmmmmmmmmmmmooommmmmmmmmmmmmmmmmmmmmmmiiiiiiiiiiiiiiiiiiiimmmmmmmmmmmmmmmmmmmmmmmooo,14
sp|P9WPF7|CDSA_MYCTU,MSWLNTKKASCWRSSGRSATKSVTTNDAGTGNPAEQPARGAKQQPATETSRAGRDLRAAIVVGLSIGLVLIAVLVFVPRVWVAIVAVATLVATHEVVRRLREAGYLIPVIPLLIGGQAAVWLTWPFGAVGALAGFGGMVVVCMIWRLFMQDSVTRPTTGGAPSPGNYLSDVSATVFLAVWVPLFCSFGAMLVYPENGSGWVFCMMIAVIASDVGGYAVGVLFGKHPMVPTISPKKSWEGFAGSLVCGITATIITATFLVGKTPWIGALLGVLFVLTTALGDLVESQVKRDLGIKDMGRLLPGHGGLMDRLDGILPSAVAAWIVLTLLP,IGLVLIAVLVFVPRV,iiiiiiiiiiiiiiiiiiiiiiiiiiiiiiiiiiiiiiiiiiiiiiiiiiiiiiiiiiimmmmmmmmmmmmmmmmmmmmmmmooooooooooooooooooommmmmmmmmmmmmmmmmmmmmmmimmmmmmmmmmmmmmmmmmmmmmmoooooooooooooooooooooommmmmmmmmmmmmmmmmmmmmmmiiiiiimmmmmmmmmmmmmmmmmmmmmmmoooooooooooooommmmmmmmmmmmmmmmmmmmmmmiiiimmmmmmmmmmmmmmmmmmmmooooooooooooooooooooooooooooooooooooooooooooo,15
sp|P9WPV3|ATPFD_MYCTU,MSTFIGQLFGFAVIVYLVWRFIVPLVGRLMSARQDTVRQQLADAAAAADRLAEASQAHTKALEDAKSEAHRVVEEARTDAERIAEQLEAQADVEAERIKMQGARQVDLIRAQLTRQLRLELGHESVRQARELVRNHVADQAQQSATVDRFLDQLDAMAPATADVDYPLLAKMRSASRRALTSLVDWFGTMAQDLDHQGLTTLAGELVSVARLLDREAVVTRYLTVPAEDATPRIRLIERLVSGKVGAPTLEVLRTAVSKRWSANSDLIDAIEHVSRQALLELAERAGQVDEVEDQLFRFSRILDVQPRLAILLGDCAVPAEGRVRLLRKVLERADSTVNPVVVALLSHTVELLRGQAVEEAVLFLAEVAVARRGEIVAQVGAAAELSDAQRTRLTEVLSRIYGHPVTVQLHIDAALLGGLSIAVGDEVIDGTLSSRLAAAEARLPD,VYLVWRFIVPLVGRL,iiiimmmmmmmmmmmmmmmmmmmooooooooooooooooooooooooooooooooooooooooooooooooooooooooooooooooooooooooooooooooooooooooooooooooooooooooooooooooooooooooooooooooooooooooooooooooooooooooooooooooooooooooooooooooooooooooooooooooooooooooooooooooooooooooooooooooooooooooooooooooooooooooooooooooooooooooooooooooooooooooooooooooooooooooooooooooooooooooooooooooooooooooooooooooooooooooooooooooooooooooooooooooooooooooooooooooooooooooooooooooooooooooooooooooooooooo,9
sp|P9WQJ9|IRTA_MYCTU,MARGLQGVMLRSFGARDHTATVIETISIAPHFVRVRMVSPTLFQDAEAEPAAWLRFWFPDPNGSNTEFQRAYTISEADPAAGRFAVDVVLHDPAGPASSWARTVKPGATIAVMSLMGSSRFDVPEEQPAGYLLIGDSASIPGMNGIIETVPNDVPIEMYLEQHDDNDTLIPLAKHPRLRVRWVMRRDEKSLAEAIENRDWSDWYAWATPEAAALKCVRVRLRDEFGFPKSEIHAQAYWNAGRAMGTHRATEPAATEPEVGAAPQPESAVPAPARGSWRAQAASRLLAPLKLPLVLSGVLAALVTLAQLAPFVLLVELSRLLVSGAGAHRLFTVGFAAVGLLGTGALLAAALTLWLHVIDARFARALRLRLLSKLSRLPLGWFTSRGSGSIKKLVTDDTLALHYLVTHAVPDAVAAVVAPVGVLVYLFVVDWRVALVLFGPVLVYLTITSSLTIQSGPRIVQAQRWAEKMNGEAGSYLEGQPVIRVFGAASSSFRRRLDEYIGFLVAWQRPLAGKKTLMDLATRPATFLWLIAATGTLLVATHRMDPVNLLPFMFLGTTFGARLLGIAYGLGGLRTGLLAARHLQVTLDETELAVREHPREPLDGEAPATVVFDHVTFGYRPGVPVIQDVSLTLRPGTVTALVGPSGSGKSTLATLLARFHDVERGAIRVGGQDIRSLAADELYTRVGFVLQEAQLVHGTAAENIALAVPDAPAEQVQVAAREAQIHDRVLRLPDGYDTVLGANSGLSGGERQRLTIARAILGDTPVLILDEATAFADPESEYLVQQALNRLTRDRTVLVIAHRLHTITRADQIVVLDHGRIVERGTHEELLAAGGRYCRLWDTGQGSRVAVAAAQDGTR,DAVAAVVAPVGVLVY,oooooooooooooooooooooooooooooooooooooooooooooooooooooooooooooooooooooooooooooooooooooooooooooooooooooooooooooooooooooooooooooooooooooooooooooooooooooooooooooooooooooooooooooooooooooooooooooooooooooooooooooooooooooooooooooooooooooooooooooooooooooooooooooooooooooooooooooooooooooooooooooooooooommmmmmmmmmmmmmmmmmmmmmmiiiiiiiiiiiiiiiiiiiimmmmmmmmmmmmmmmmmmmmmmmoooooooooooooooooooooooooooooooooooooooooooooooommmmmmmmmmmmmmmmmmmmmmmiiiimmmmmmmmmmmmmmmmmmmmmmmooooooooooooooooooooooooooooooooooooooooooooooooooooooooooooooommmmmmmmmmmmmmmmmmmmmmmiiiiiimmmmmmmmmmmmmmmmmmmmmmmoooooooooooooooooooooooooooooooooooooooooooooooooooooooooooooooooooooooooooooooooooooooooooooooooooooooooooooooooooooooooooooooooooooooooooooooooooooooooooooooooooooooooooooooooooooooooooooooooooooooooooooooooooooooooooooooooooooooooooooooooooooooooooooooooooooooooooooooooooooooooooooooo,15
sp|P9WQN9|A85C_MYCTU,MTFFEQVRRLRSAATTLPRRLAIAAMGAVLVYGLVGTFGGPATAGAFSRPGLPVEYLQVPSASMGRDIKVQFQGGGPHAVYLLDGLRAQDDYNGWDINTPAFEEYYQSGLSVIMPVGGQSSFYTDWYQPSQSNGQNYTYKWETFLTREMPAWLQANKGVSPTGNAAVGLSMSGGSALILAAYYPQQFPYAASLSGFLNPSEGWWPTLIGLAMNDSGGYNANSMWGPSSDPAWKRNDPMVQIPRLVANNTRIWVYCGNGTPSDLGGDNIPAKFLEGLTLRTNQTFRDTYAADGGRNGVFNFPPNGTHSWPYWNEQLVAMKADIQHVLNGATPPAAPAAPAA,ATAGAFSRPGLPVEY,iiiiiiiiiiiiiiiiiiiimmmmmmmmmmmmmmmmmmmmmmmooooooooooooooooooooooooooooooooooooooooooooooooooooooooooooooooooooooooooooooooooooooooooooooooooooooooooooooooooooooooooooooooooooooooooooooooooooooooooooooooooooooooooooooooooooooooooooooooooooooooooooooooooooooooooooooooooooooooooooooooooooooooooooooooooooooooooooooooooooooooooooooooooooooooo,2
sp|P9WQP1|A85B_MYCTU,MTDVSRKIRAWGRRLMIGTAAAVVLPGLVGLAGGAATAGAFSRPGLPVEYLQVPSPSMGRDIKVQFQSGGNNSPAVYLLDGLRAQDDYNGWDINTPAFEWYYQSGLSIVMPVGGQSSFYSDWYSPACGKAGCQTYKWETFLTSELPQWLSANRAVKPTGSAAIGLSMAGSSAMILAAYHPQQFIYAGSLSALLDPSQGMGPSLIGLAMGDAGGYKAADMWGPSSDPAWERNDPTQQIPKLVANNTRLWVYCGNGTPNELGGANIPAEFLENFVRSSNLKFQDAYNAAGGHNAVFNFPPNGTHSWEYWGAQLNAMKGDLQSSLGAG,AAVVLPGLVGLAGGA,iiiiiiiiiiiiiiiiiiimmmmmmmmmmmmmmmmmmmmmmmooooooooooooooooooooooooooooooooooooooooooooooooooooooooooooooooooooooooooooooooooooooooooooooooooooooooooooooooooooooooooooooooooooooooooooooooooooooooooooooooooooooooooooooooooooooooooooooooooooooooooooooooooooooooooooooooooooooooooooooooooooooooooooooooooooooooooooooooooooooooooo,15
sp|P9WQP1|A85B_MYCTU,MTDVSRKIRAWGRRLMIGTAAAVVLPGLVGLAGGAATAGAFSRPGLPVEYLQVPSPSMGRDIKVQFQSGGNNSPAVYLLDGLRAQDDYNGWDINTPAFEWYYQSGLSIVMPVGGQSSFYSDWYSPACGKAGCQTYKWETFLTSELPQWLSANRAVKPTGSAAIGLSMAGSSAMILAAYHPQQFIYAGSLSALLDPSQGMGPSLIGLAMGDAGGYKAADMWGPSSDPAWERNDPTQQIPKLVANNTRLWVYCGNGTPNELGGANIPAEFLENFVRSSNLKFQDAYNAAGGHNAVFNFPPNGTHSWEYWGAQLNAMKGDLQSSLGAG,ATAGAFSRPGLPVEY,iiiiiiiiiiiiiiiiiiimmmmmmmmmmmmmmmmmmmmmmmooooooooooooooooooooooooooooooooooooooooooooooooooooooooooooooooooooooooooooooooooooooooooooooooooooooooooooooooooooooooooooooooooooooooooooooooooooooooooooooooooooooooooooooooooooooooooooooooooooooooooooooooooooooooooooooooooooooooooooooooooooooooooooooooooooooooooooooooooooooooooo,7
sp|P9WQP1|A85B_MYCTU,MTDVSRKIRAWGRRLMIGTAAAVVLPGLVGLAGGAATAGAFSRPGLPVEYLQVPSPSMGRDIKVQFQSGGNNSPAVYLLDGLRAQDDYNGWDINTPAFEWYYQSGLSIVMPVGGQSSFYSDWYSPACGKAGCQTYKWETFLTSELPQWLSANRAVKPTGSAAIGLSMAGSSAMILAAYHPQQFIYAGSLSALLDPSQGMGPSLIGLAMGDAGGYKAADMWGPSSDPAWERNDPTQQIPKLVANNTRLWVYCGNGTPNELGGANIPAEFLENFVRSSNLKFQDAYNAAGGHNAVFNFPPNGTHSWEYWGAQLNAMKGDLQSSLGAG,FSRPGLPVEYLQVPS,iiiiiiiiiiiiiiiiiiimmmmmmmmmmmmmmmmmmmmmmmooooooooooooooooooooooooooooooooooooooooooooooooooooooooooooooooooooooooooooooooooooooooooooooooooooooooooooooooooooooooooooooooooooooooooooooooooooooooooooooooooooooooooooooooooooooooooooooooooooooooooooooooooooooooooooooooooooooooooooooooooooooooooooooooooooooooooooooooooooooooooo,2
sp|P9WQP1|A85B_MYCTU,MTDVSRKIRAWGRRLMIGTAAAVVLPGLVGLAGGAATAGAFSRPGLPVEYLQVPSPSMGRDIKVQFQSGGNNSPAVYLLDGLRAQDDYNGWDINTPAFEWYYQSGLSIVMPVGGQSSFYSDWYSPACGKAGCQTYKWETFLTSELPQWLSANRAVKPTGSAAIGLSMAGSSAMILAAYHPQQFIYAGSLSALLDPSQGMGPSLIGLAMGDAGGYKAADMWGPSSDPAWERNDPTQQIPKLVANNTRLWVYCGNGTPNELGGANIPAEFLENFVRSSNLKFQDAYNAAGGHNAVFNFPPNGTHSWEYWGAQLNAMKGDLQSSLGAG,MIGTAAAVVLPGLVG,iiiiiiiiiiiiiiiiiiimmmmmmmmmmmmmmmmmmmmmmmooooooooooooooooooooooooooooooooooooooooooooooooooooooooooooooooooooooooooooooooooooooooooooooooooooooooooooooooooooooooooooooooooooooooooooooooooooooooooooooooooooooooooooooooooooooooooooooooooooooooooooooooooooooooooooooooooooooooooooooooooooooooooooooooooooooooooooooooooooooooooo,11
sp|P9WQP1|A85B_MYCTU,MTDVSRKIRAWGRRLMIGTAAAVVLPGLVGLAGGAATAGAFSRPGLPVEYLQVPSPSMGRDIKVQFQSGGNNSPAVYLLDGLRAQDDYNGWDINTPAFEWYYQSGLSIVMPVGGQSSFYSDWYSPACGKAGCQTYKWETFLTSELPQWLSANRAVKPTGSAAIGLSMAGSSAMILAAYHPQQFIYAGSLSALLDPSQGMGPSLIGLAMGDAGGYKAADMWGPSSDPAWERNDPTQQIPKLVANNTRLWVYCGNGTPNELGGANIPAEFLENFVRSSNLKFQDAYNAAGGHNAVFNFPPNGTHSWEYWGAQLNAMKGDLQSSLGAG,RKIRAWGRRLMIGTA,iiiiiiiiiiiiiiiiiiimmmmmmmmmmmmmmmmmmmmmmmooooooooooooooooooooooooooooooooooooooooooooooooooooooooooooooooooooooooooooooooooooooooooooooooooooooooooooooooooooooooooooooooooooooooooooooooooooooooooooooooooooooooooooooooooooooooooooooooooooooooooooooooooooooooooooooooooooooooooooooooooooooooooooooooooooooooooooooooooooooooooo,1
sp|P9WQP1|A85B_MYCTU,MTDVSRKIRAWGRRLMIGTAAAVVLPGLVGLAGGAATAGAFSRPGLPVEYLQVPSPSMGRDIKVQFQSGGNNSPAVYLLDGLRAQDDYNGWDINTPAFEWYYQSGLSIVMPVGGQSSFYSDWYSPACGKAGCQTYKWETFLTSELPQWLSANRAVKPTGSAAIGLSMAGSSAMILAAYHPQQFIYAGSLSALLDPSQGMGPSLIGLAMGDAGGYKAADMWGPSSDPAWERNDPTQQIPKLVANNTRLWVYCGNGTPNELGGANIPAEFLENFVRSSNLKFQDAYNAAGGHNAVFNFPPNGTHSWEYWGAQLNAMKGDLQSSLGAG,WGRRLMIGTAAAVVL,iiiiiiiiiiiiiiiiiiimmmmmmmmmmmmmmmmmmmmmmmooooooooooooooooooooooooooooooooooooooooooooooooooooooooooooooooooooooooooooooooooooooooooooooooooooooooooooooooooooooooooooooooooooooooooooooooooooooooooooooooooooooooooooooooooooooooooooooooooooooooooooooooooooooooooooooooooooooooooooooooooooooooooooooooooooooooooooooooooooooooooo,6
sp|P9WQP1|A85B_MYCTU,MTDVSRKIRAWGRRLMIGTAAAVVLPGLVGLAGGAATAGAFSRPGLPVEYLQVPSPSMGRDIKVQFQSGGNNSPAVYLLDGLRAQDDYNGWDINTPAFEWYYQSGLSIVMPVGGQSSFYSDWYSPACGKAGCQTYKWETFLTSELPQWLSANRAVKPTGSAAIGLSMAGSSAMILAAYHPQQFIYAGSLSALLDPSQGMGPSLIGLAMGDAGGYKAADMWGPSSDPAWERNDPTQQIPKLVANNTRLWVYCGNGTPNELGGANIPAEFLENFVRSSNLKFQDAYNAAGGHNAVFNFPPNGTHSWEYWGAQLNAMKGDLQSSLGAG,AFSRPGLPVEYLQVP,iiiiiiiiiiiiiiiiiiimmmmmmmmmmmmmmmmmmmmmmmooooooooooooooooooooooooooooooooooooooooooooooooooooooooooooooooooooooooooooooooooooooooooooooooooooooooooooooooooooooooooooooooooooooooooooooooooooooooooooooooooooooooooooooooooooooooooooooooooooooooooooooooooooooooooooooooooooooooooooooooooooooooooooooooooooooooooooooooooooooooooo,3
sp|P9WQP3|A85A_MYCTU,MQLVDRVRGAVTGMSRRLVVGAVGAALVSGLVGAVGGTATAGAFSRPGLPVEYLQVPSPSMGRDIKVQFQSGGANSPALYLLDGLRAQDDFSGWDINTPAFEWYDQSGLSVVMPVGGQSSFYSDWYQPACGKAGCQTYKWETFLTSELPGWLQANRHVKPTGSAVVGLSMAASSALTLAIYHPQQFVYAGAMSGLLDPSQAMGPTLIGLAMGDAGGYKASDMWGPKEDPAWQRNDPLLNVGKLIANNTRVWVYCGNGKPSDLGGNNLPAKFLEGFVRTSNIKFQDAYNAGGGHNGVFDFPDSGTHSWEYWGAQLNAMKPDLQRALGATPNTGPAPQGA,ATAGAFSRPGLPVEY,iiiiiiiiiiiiiiiiiimmmmmmmmmmmmmmmmmmmmmmmooooooooooooooooooooooooooooooooooooooooooooooooooooooooooooooooooooooooooooooooooooooooooooooooooooooooooooooooooooooooooooooooooooooooooooooooooooooooooooooooooooooooooooooooooooooooooooooooooooooooooooooooooooooooooooooooooooooooooooooooooooooooooooooooooooooooooooooooooooooooooooooooooooooooo,3
sp|P9WQP3|A85A_MYCTU,MQLVDRVRGAVTGMSRRLVVGAVGAALVSGLVGAVGGTATAGAFSRPGLPVEYLQVPSPSMGRDIKVQFQSGGANSPALYLLDGLRAQDDFSGWDINTPAFEWYDQSGLSVVMPVGGQSSFYSDWYQPACGKAGCQTYKWETFLTSELPGWLQANRHVKPTGSAVVGLSMAASSALTLAIYHPQQFVYAGAMSGLLDPSQAMGPTLIGLAMGDAGGYKASDMWGPKEDPAWQRNDPLLNVGKLIANNTRVWVYCGNGKPSDLGGNNLPAKFLEGFVRTSNIKFQDAYNAGGGHNGVFDFPDSGTHSWEYWGAQLNAMKPDLQRALGATPNTGPAPQGA,ALVSGLVGAVGGTAT,iiiiiiiiiiiiiiiiiimmmmmmmmmmmmmmmmmmmmmmmooooooooooooooooooooooooooooooooooooooooooooooooooooooooooooooooooooooooooooooooooooooooooooooooooooooooooooooooooooooooooooooooooooooooooooooooooooooooooooooooooooooooooooooooooooooooooooooooooooooooooooooooooooooooooooooooooooooooooooooooooooooooooooooooooooooooooooooooooooooooooooooooooooooooo,15
sp|P9WQP3|A85A_MYCTU,MQLVDRVRGAVTGMSRRLVVGAVGAALVSGLVGAVGGTATAGAFSRPGLPVEYLQVPSPSMGRDIKVQFQSGGANSPALYLLDGLRAQDDFSGWDINTPAFEWYDQSGLSVVMPVGGQSSFYSDWYQPACGKAGCQTYKWETFLTSELPGWLQANRHVKPTGSAVVGLSMAASSALTLAIYHPQQFVYAGAMSGLLDPSQAMGPTLIGLAMGDAGGYKASDMWGPKEDPAWQRNDPLLNVGKLIANNTRVWVYCGNGKPSDLGGNNLPAKFLEGFVRTSNIKFQDAYNAGGGHNGVFDFPDSGTHSWEYWGAQLNAMKPDLQRALGATPNTGPAPQGA,GAVGAALVSGLVGAV,iiiiiiiiiiiiiiiiiimmmmmmmmmmmmmmmmmmmmmmmooooooooooooooooooooooooooooooooooooooooooooooooooooooooooooooooooooooooooooooooooooooooooooooooooooooooooooooooooooooooooooooooooooooooooooooooooooooooooooooooooooooooooooooooooooooooooooooooooooooooooooooooooooooooooooooooooooooooooooooooooooooooooooooooooooooooooooooooooooooooooooooooooooooooo,15
sp|Q50700|Y3428_MYCTU,MATIAQRLRDDHGVAASESSVRRWIATHFAEEVARERVTVPRGPVDAGSEAQIDYGRLGMWFDPATARRVAVWAFVMVLAFSRHLFVRPVIRMDQTAWCACHVAAFEFFDGVPARLVCDNLRTGVDKPDLYDPQINRSYAELASHYATLVDPARARKPKDKPRVERPMTYVRDSFWKGREFDSLAQMQQAAVTWSTEVAGLRYLRALEGAQPLRMFEAVEQQALIALPPRAFELTSWSIGTVGVDTHLKVGKALYSVPWRLIGQRLHARTAGDVVQIFAGNDVVATHVRRPSGRSTDFSHYPPEKIAFHMRTPTWCRHTAELVGPASQQVIAEFMRDNAIHHLRSAQGVLGLRDKHGCDRLEAACARAIEVGDPSYRTIKGILVAGTEHAANEPTTSSPASTAGGVPARP,AVWAFVMVLAFSRHL,iiiiiiiiiiiiiiiiiiiiiiiiiiiiiiiiiiiiiiiiiiiiiiiiiiiiiiiiiiiiiiiiiiiiimmmmmmmmmmmmmmmmmmooooooooooooooooooooooooooooooooooooooooooooooooooooooooooooooooooooooooooooooooooooooooooooooooooooooooooooooooooooooooooooooooooooooooooooooooooooooooooooooooooooooooooooooooooooooooooooooooooooooooooooooooooooooooooooooooooooooooooooooooooooooooooooooooooooooooooooooooooooooooooooooooooooooooooooooooooooooooooooooooooo,15
tr|I6X5Z8|I6X5Z8_MYCTU,MAVHGFLLERVSVVRDEATVLRQVSAHFPAGRCSAVRGASGSGKTTLLRLLNRLIDPTSGKVWLDGVPLTDLDVLVLRRRVGLVAQAPVVLTDAVLNEVRVGRPDLPEGRVTELLARLCLGQSAREAFLPHQRSALRTALIPAIDSTKVVGLISLPGAMSGLILAGVDPLTAIRYQIVVMYLLLAATAVAALTCARLAERALFDRAHRLVSLPAATRRA,IVVMYLLLAATAVAA,ooooooooooooooooooooooooooooooooooooooooooooooooooooooooooooooooooooooooooooooooooooooooooooooooooooooooooooooooooooooooooooooooooooooooooooooooooooooooooooooooooooooooooooooommmmmmmmmmmmmmmmmmmmmmmiiiiiiiiiiiiiiiiiiiii,15
tr|I6X5Z8|I6X5Z8_MYCTU,MAVHGFLLERVSVVRDEATVLRQVSAHFPAGRCSAVRGASGSGKTTLLRLLNRLIDPTSGKVWLDGVPLTDLDVLVLRRRVGLVAQAPVVLTDAVLNEVRVGRPDLPEGRVTELLARLCLGQSAREAFLPHQRSALRTALIPAIDSTKVVGLISLPGAMSGLILAGVDPLTAIRYQIVVMYLLLAATAVAALTCARLAERALFDRAHRLVSLPAATRRA,LTAIRYQIVVMYLLL,ooooooooooooooooooooooooooooooooooooooooooooooooooooooooooooooooooooooooooooooooooooooooooooooooooooooooooooooooooooooooooooooooooooooooooooooooooooooooooooooooooooooooooooooommmmmmmmmmmmmmmmmmmmmmmiiiiiiiiiiiiiiiiiiiii,9
tr|I6XFY8|I6XFY8_MYCTU,MSAPAVTEHSWLPRATCGVSCVSVGDAAQVRRPLVVLRVALRVMLALLLVPGVPLVVMPLPGRTRVQRIYCRLVLRLFGVRITVSGSPVRNLRGVLVVSGHVSWLDVFCIGSVLPGSFVARADMFTGRTIGIVARILKIIPIERASLRRLPGVVDTIARRLRAGQTVVAFPEGTTWCGRPGDDAGRPAARAGAGCSHRGCGAFYPAMFQAAIDAGRPVQPLRLTYHHVDGTVSTAPAFVGDDTLVRSVCRLLTVRRTLAWVRVESLQLPGTDRRNLARRCQSAVLAGALGQSGQRPGRRHVPAT,LALLLVPGVPLVVMP,iiiiiiiiiiiiiiiiiiiiiiiiiiiiiiiiiiiiiimmmmmmmmmmmmmmmmmmmmmmmooooooooooooooooooooooooooooooooooooooooooooooooooooooooooooooooooooooooooooooooooooooooooooooooooooooooooooooooooooooooooooooooooooooooooooooooooooooooooooooooooooooooooooooooooooooooooooooooooooooooooooooooooooooooooooooooooooooooooooooooooo,15
tr|I6Y479|I6Y479_MYCTU,MSGIASAALILSLALVVLPGSPRCRLTPDDTGRRVLLVGARRVAWGVGCVAVGVAALLPLPTVVAVAVLGATLGLRYRRRRRYLRRSREGQALEAALELVVGELRAGAHPVRAFSIAADETGGPVAVALRAVAARARLGADVTAGLLAAARSSALPAYWERLAVCWQLGSDHGLAIASLMRAAQRDVAERQRFSARVSAGMAGARASAAILAILPLLGVLLGQLIGARPLSFLLTGRVGGWLLVVGLTLACAGLLWSDRITDRPVL,AVGVAALLPLPTVVA,oooooooooooooooooooooooooooooooooooooooooommmmmmmmmmmmmmmmmmmmmmmmmmmmmmmmmiiiiiiiiiiiiiiiiiiiiiiiiiiiiiiiiiiiiiiiiiiiiiiiiiiiiiiiiiiiiiiiiiiiiiiiiiiiiiiiiiiiiiiiiiiiiiiiiiiiiiiiiiiiiiiiiiiiiiiiiiiiiiimmmmmmmmmmmmmmmmmmmmmmmooooooooommmmmmmmmmmmmmmmmmmmmmmiiiiiiiiii,15
tr|I6YGB1|I6YGB1_MYCTU,MLNRKPSSKHERDPLRTGIFGLVLVICVVLIAFGYSGLPFWPQGKTYDAYFTDAGGITPGNSVYVSGLKVGAVSAVSLAGNSAKVTFSVDRSIVVGDQSLAAIRTDTILGERSIAVSPAGSGKSTTIPLSRTTTPYTLNGVLQDLGRNANDLNRPQFEQALNVFTQALHDATPQVRGAVDGLTSLSRALNRRDEALQGLLAHAKSVTSVLSERAEQVNKLVEDGNQLFAALDARRAALSALISGIDDVAAQISGFVADNRKEFGPALSKLNLVLANLNERRDYITEALKRLPTYATTLGEVVGSGPGFNVNVYSVLPGPLVATVFDLVFQPGKLPDSLADYLRGFIQERWIIRPKSP,TGIFGLVLVICVVLI,iiiiiiiiiiiiiiiiiimmmmmmmmmmmmmmmmmmmmmmmoooooooooooooooooooooooooooooooooooooooooooooooooooooooooooooooooooooooooooooooooooooooooooooooooooooooooooooooooooooooooooooooooooooooooooooooooooooooooooooooooooooooooooooooooooooooooooooooooooooooooooooooooooooooooooooooooooooooooooooooooooooooooooooooooooooooooooooooooooooooooooooooooooooooooooooooooooooooooooo,13
tr|L7N662|L7N662_MYCTU,MNVVDISRWQFGITTVYHFIFVPLTIGLAPLIAVMQTLWVVTDNPAWYRLTKFFGKLFLINFAIGVATGIVQEFQFGMNWSEYSRFVGDVFGAPLAMEGLAAFFFESTFIGLWIFGWNRLPRLVHLACIWIVAIAVNVSAFFIIAANSFMQHPVGAHYNPTTGRAELSSIVVLLTNNTAQAAFTHTVSGALLTAGTFVAAVSAWWLVRSSTTHADSDTQAMYRPATILGCWVALAATAGLLFTGDHQGKLMFQQQPMKMASAESLCDTQTDPNFSVLTVGRQNNCDSLTRVIEVPYVLPFLAEGRISGVTLQGIRDLQQEYQQRFGPNDYRPNLFVTYWSFRMMIGLMAIPVLFALIALWLTRGGQIPNQRWFSWLALLTMPAPFLANSAGWVFTEMGRQPWVVVPNPTGDQLVRLTVKAGVSDHSATVVATSLLMFTLVYAVLAVIWCWLLKRYIVEGPLEHDAEPAAHGAPRDDEVAPLSFAY,WSEYSRFVGDVFGAPLA,oooooooooooooooooommmmmmmmmmmmmmmmmmmmmmmiiiiiiiiiiimmmmmmmmmmmmmmmmmmmmmmmooooooooooooooooooommmmmmmmmmmmmmmmmmmmmmmiiiiiimmmmmmmmmmmmmmmmmmmmmmmoooooooooooooooooooooooooooooooooooooommmmmmmmmmmmmmmmmmmmmmmiiiiiiiiiiiimmmmmmmmmmmmmmmmmmmmmmmooooooooooooooooooooooooooooooooooooooooooooooooooooooooooooooooooooooooooooooooooooooooooooooommmmmmmmmmmmmmmmmmmmmmmiiiiiiiiiiimmmmmmmmmmmmmmmmmmmmmmmoooooooooooooooooooooooooooooooooommmmmmmmmmmmmmmmmmmmmmmiiiiiiiiiiiiiiiiiiiiiiiiiiiiiiiiii,2
tr|L7N6B9|L7N6B9_MYCTU,MIAIGGVIGAGLFVGSGVVIRATGPAAFLTYALCGALIVLVMRMLGEMAAANPSTGAFADYAAKALGGWAGFSVGWLYWYFWVIVVGFEAVAGGKVLTYWIDAPLWLASLCLMMMMTATNLVSVSSFGEFEFWFAGVKVATIVGFLVLGTAFAFGLLPGHGMDFSNLSAHGGFFPDGVGAVFAAIVVAIFSMTGTEVVTIAAAEAPDPQRAVQRAMSTVVARIVIFFVGSVFLLTVILPWNSLELGASPYVAALRHMGIGGADQIMNAVVLTAVLSCLNSGLYTASRMLFVLAARQEAPAQLVKVNRRGVPTFAIMGSSVVGFLCVIMAWVSPATVFVFLLNSSGAVILFVYLLIALSQIVLRRQTSGQNLGVRMWLFPGLSIVTVTGIVAVLARMAFDYAARSQLWLSLLSWAVVVGCYLVTTLVRRPLNRPW,ARIVIFFVGSVFLLT,immmmmmmmmmmmmmmmmmmmmmmooommmmmmmmmmmmmmmmmmiiiiiiiiiiiiiiiiiiiimmmmmmmmmmmmmmmmmmmmmmmoooooooooooooommmmmmmmmmmmmmmmmmmmmmmiiiiiimmmmmmmmmmmmmmmmmmmmmmmoooooooooooooommmmmmmmmmmmmmmmmmmmmmmiiiiiiiiiiiiiiiiiiiiiiiiiiimmmmmmmmmmmmmmmmmmmmmmmooooooooooooooooooommmmmmmmmmmmmmmmmmmmmmmiiiiiiiiiiiiiiiiiiiiiiiiimmmmmmmmmmmmmmmmmmmmmmmooommmmmmmmmmmmmmmmmmmmmmmiiiiiiiiiiiimmmmmmmmmmmmmmmmmmmmmmmoooooooooooooommmmmmmmmmmmmmmmmmmmiiiiiiii,15
tr|O06393|O06393_MYCTU,MNTLHVNVGLARYSDWAFTSAVVALVVALLLLAFEFAQVRGRGLAPLAVPAGSVATDSATPGIVADQRHRPFDERVGRGGLAVAYLGIGLLLACVVLRGLATQRVPWGNMYEFINLTCLSGLIAGAVVLRRARYRPLWVFLLVPVLILLTVSGRWLYANAAPVMPALQSYWLPIHVSVVSLGSGVFLVAGVASILFLVRTSRLGEPTGEGALAGMVRRLPDAQTLDGIAYRTTIFAFPVFGFGVIFGAIWAEEAWGRYWGWDPKETVSFVAWVVYAAYLHARSTAGWRDRKAAWINVAGFVAMVFNLFFVNLVTVGLHSYAGVG,AYRTTIFAFPVFGFG,oooooooooooooommmmmmmmmmmmmmmmmmmmiiiiiiiiiiiiiiiiiiiiiiiiiiiiiiiiiiiiiiiiiiiiimmmmmmmmmmmmmmmmmmmmmmmoooommmmmmmmmmmmmmmmmmmmmmmiiiiiimmmmmmmmmmmmmmmmmmmmmmmoooooooooooooommmmmmmmmmmmmmmmmmmmmmmiiiiiiiiiiiiiiiiiiiiiiiiiiiiiiimmmmmmmmmmmmmmmmmmmmmmmooooooooooooooooooommmmmmmmmmmmmmmmmmiiiiiimmmmmmmmmmmmmmmmmmmmmmmooooooooo,15
tr|O06393|O06393_MYCTU,MNTLHVNVGLARYSDWAFTSAVVALVVALLLLAFEFAQVRGRGLAPLAVPAGSVATDSATPGIVADQRHRPFDERVGRGGLAVAYLGIGLLLACVVLRGLATQRVPWGNMYEFINLTCLSGLIAGAVVLRRARYRPLWVFLLVPVLILLTVSGRWLYANAAPVMPALQSYWLPIHVSVVSLGSGVFLVAGVASILFLVRTSRLGEPTGEGALAGMVRRLPDAQTLDGIAYRTTIFAFPVFGFGVIFGAIWAEEAWGRYWGWDPKETVSFVAWVVYAAYLHARSTAGWRDRKAAWINVAGFVAMVFNLFFVNLVTVGLHSYAGVG,FGVIFGAIWAEEAWG,oooooooooooooommmmmmmmmmmmmmmmmmmmiiiiiiiiiiiiiiiiiiiiiiiiiiiiiiiiiiiiiiiiiiiiimmmmmmmmmmmmmmmmmmmmmmmoooommmmmmmmmmmmmmmmmmmmmmmiiiiiimmmmmmmmmmmmmmmmmmmmmmmoooooooooooooommmmmmmmmmmmmmmmmmmmmmmiiiiiiiiiiiiiiiiiiiiiiiiiiiiiiimmmmmmmmmmmmmmmmmmmmmmmooooooooooooooooooommmmmmmmmmmmmmmmmmiiiiiimmmmmmmmmmmmmmmmmmmmmmmooooooooo,8
tr|O06393|O06393_MYCTU,MNTLHVNVGLARYSDWAFTSAVVALVVALLLLAFEFAQVRGRGLAPLAVPAGSVATDSATPGIVADQRHRPFDERVGRGGLAVAYLGIGLLLACVVLRGLATQRVPWGNMYEFINLTCLSGLIAGAVVLRRARYRPLWVFLLVPVLILLTVSGRWLYANAAPVMPALQSYWLPIHVSVVSLGSGVFLVAGVASILFLVRTSRLGEPTGEGALAGMVRRLPDAQTLDGIAYRTTIFAFPVFGFGVIFGAIWAEEAWGRYWGWDPKETVSFVAWVVYAAYLHARSTAGWRDRKAAWINVAGFVAMVFNLFFVNLVTVGLHSYAGVG,FLLVPVLILLTVSGR,oooooooooooooommmmmmmmmmmmmmmmmmmmiiiiiiiiiiiiiiiiiiiiiiiiiiiiiiiiiiiiiiiiiiiiimmmmmmmmmmmmmmmmmmmmmmmoooommmmmmmmmmmmmmmmmmmmmmmiiiiiimmmmmmmmmmmmmmmmmmmmmmmoooooooooooooommmmmmmmmmmmmmmmmmmmmmmiiiiiiiiiiiiiiiiiiiiiiiiiiiiiiimmmmmmmmmmmmmmmmmmmmmmmooooooooooooooooooommmmmmmmmmmmmmmmmmiiiiiimmmmmmmmmmmmmmmmmmmmmmmooooooooo,15
tr|O06410|O06410_MYCTU,MSAWFNYTATLKILIFSLLAGALLPGLFAVGVRLQAAGDGADATARRRPLLVAVSWAIFALVLAVVIIGVLYIARDFIAHHTGWAFLGATPK,RRPLLVAVSWAIFAL,iiiiiiiiiiiimmmmmmmmmmmmmmmmmmmmooooooooooooooooooommmmmmmmmmmmmmmmmmmmmmmiiiiiiiiiiiiiiiiii,10
tr|O06625|O06625_MYCTU,MLTLSPPRPPALTPEPALPPVTMGTRTTGFYRHDLDGLRGVAIALVAVFHVWFGRVSGGVDVFLALSGFFFGGKILRAALNPDLSLSPIAEVIRLIRRLLPALVVVLAGCALLTIAIQPQTRWEAFANQSLASLGYYQNWELASTVSNYLRAGEAVSPLQHIWSMSVQGQFYLAFLLLVAGCAYLLRRLFRGPRAPYLRTMFVVLLSTLTLASFIYAIVAHHAYQATAYYNTFARAWELLAGALVGAVVPHVRWPMWLRTAVATAALAAILSCGALIDGVKEFPGPWALVPVGATMLMILAGANRQGHPGTRDRLPLPNRLLATAPLVALGAMAYSWYLWHWPLLIFWLSYTGHRHANFVEGAAVLLVSGLLAYLTTRLVEDPLRYRAPAGVRSPAAVPPIPWRLRLRRPTIVLGSVVALLGVALTATSFTWREHVIVQRAAGKELSGLSSRDYPGARALIDHVRVPKLRMRPTVLEVRHDLPTSTKDGCISDFVNPAIINCTYGDVDAPRTIALAGGSHAEHWLTALDLLGRMHHFKVVTYLKMGCPLSTEEVPLIMGNNAPYPQCHQWVQAAMAKLVADHPDYVFTTSTRPWNIKPGDVMPATYVGIWQTFADNNIPVLAMRDTPWLVKDGQPFIPADCLAKGGNPQSCGIARSKVLVDRNPTLDFVARFPLLKPLDMSDAICRTDTCRAVEGNVLVYRDSHHLTPTYMRTMTSELGRQIAANTDWW,AEVIRLIRRLLPALV,oooooooooooooooooooooooooooooooooooooooooooooooooommmmmmmmmmmmmmmmmmmmmmmiiiiiiiiiiiiiiiiiiiiiiiiimmmmmmmmmmmmmmmmmmmmmmmooooooooooooooooooooooooooooooooooooooooooooooooommmmmmmmmmmmmmmmmmmmiiiiiiiiiiimmmmmmmmmmmmmmmmmmmmmmmooooooooommmmmmmmmmmmmmmmmmiiiiiimmmmmmmmmmmmmmmmmmmmmmmoooommmmmmmmmmmmmmmmmmmmiiiiiiiiiiiimmmmmmmmmmmmmmmmmmmmmmmooooooooooooooooooommmmmmmmmmmmmmmmmmiiiiiiiiiiiiiiiiiiiiiiiiiiiiiiiiimmmmmmmmmmmmmmmmmmmmmmmooooooooooooooooooooooooooooooooooooooooooooooooooooooooooooooooooooooooooooooooooooooooooooooooooooooooooooooooooooooooooooooooooooooooooooooooooooooooooooooooooooooooooooooooooooooooooooooooooooooooooooooooooooooooooooooooooooooooooooooooooooooooooooooooooooooooooooooooooooooooooooooooooooooooo,6
tr|O53632|O53632_MYCTU,MRVGPVGHQCAECVREGARAVRQPRTPFGGRQRSATPVVTYTLISLNALVFVMQVTVMGLERQLALWPPAVASGQTYRLVTSAFLHYGAMHLLLNMWALYVVGPPLEMWLGRLRFGALYAVSALGGSVLVYLIAPLNTATAGASGAVFGLFGATFMVARRLHLDVRWVVALIVINLAFTFLAPAISWQGHVGGLVTGALVAATYVYAPRERRNLIQATVTITVLVAFVVLIGWRTVDLLALFGGRLNLS,AMHLLLNMWALYVVG,iiiiiiiiiiiiiiiiiiiiiiiiiiiiiiiiiiiiimmmmmmmmmmmmmmmmmmmmmmmooooooooooooooooooommmmmmmmmmmmmmmmmmmmmmmiiiiiiiiiiiimmmmmmmmmmmmmmmmmmmmoooommmmmmmmmmmmmmmmmmmmiiiiiimmmmmmmmmmmmmmmmmmmmmmmooommmmmmmmmmmmmmmmmiiiiiimmmmmmmmmmmmmmmmmmmmmmmooooooooooooo,14
tr|O53900|O53900_MYCTU,MNDQAPVAYAPLWRTAWRRLRQRPFQYILLVLGIALGVAMIVAIDVSSNSAQRAFDLSAAAITGKSTHRLVSGPAGVDQQLYVDLRRHGYDFSAPVIEGYVLARGLGNRAMQFMGTDPFAESAFRSPLWSNQNIAELGGFLTRPNGVVLSRQVAQKYGLAVGDRIALQVKGAPTTVTLVGLLTPADEVSNQKLSDLIIADISTAQELFHMPGRLSHIDLIIKDEATATRIQQRLPAGVRMETSDTQRDTVKQMTDAFTVNLTALSLIALLVGIFLIYNTVTFNVVQRRPFFAILRCLGVTREQLFWLIMTESLVAGLIGTGLGLLIGIWLGEGLIGLVTQTINDFYFVINVRNVSVSAESLLKGLIIGIFAAMLATLPPAIEAMRTVPASTLRRSSLESKITKLMPWLWVAWFGLGSFGVLMLWLPGNNLVVAFVGLFSVLIALALIAPPLTRFVMLRLAPGLGRLLGPIGRMAPRNIVRSLSRTSIAIAALMMAVSLMVGVSISVGSFRQTLANWLEVTLKSDVYVSPPTLTSGRPSGNLPVDAVRNISKWPGVRDAVMARYSSVFAPDWGREVELMAVSGDISDGKRPYRWIDGNKDTLWPRFLAGKGVMLSEPMVSRQHLQMPPRPITLMTDSGPQTFPVLAVFSDYTSDQGVILMDRASYRAHWQDDDVTTMFLFLASGANSGALIDQLQAAFAGREDIVIQSTHSVREASMFIFDRSFTITIALQLVATVVAFIGVLSALMSLELDRAHELGVFRAIGMTTRQLWKLMFIETGLMGGMAGLMALPTGCILAWILVRIINVRSFGWTLQMHFESAHFLRALLVAVVAALAAGMYPAWRLGRMTIRTAIREE,CILAWILVRIINVRS,iiiiiiiiiiiiiiiiiiiiiiiimmmmmmmmmmmmmmmmmmmmmmmoooooooooooooooooooooooooooooooooooooooooooooooooooooooooooooooooooooooooooooooooooooooooooooooooooooooooooooooooooooooooooooooooooooooooooooooooooooooooooooooooooooooooooooooooooooooooooooooooooooooooooooooooooooommmmmmmmmmmmmmmmmmmmmmmiiiiiiiiiiiiiiiiiiimmmmmmmmmmmmmmmmmmmmmmmoooooooooooooooooooooooooooooooooommmmmmmmmmmmmmmmmmmmmmmiiiiiiiiiiiiiiiiiiiimmmmmmmmmmmmmmmmmmmmmmmooommmmmmmmmmmmmmmmmmmmmmmiiiiiiiiiiiiiiiiiiiiiiiiiiiiimmmmmmmmmmmmmmmmmmmmmmmoooooooooooooooooooooooooooooooooooooooooooooooooooooooooooooooooooooooooooooooooooooooooooooooooooooooooooooooooooooooooooooooooooooooooooooooooooooooooooooooooooooooooooooooooooooooooooooooooooooooooooooooooooooooooommmmmmmmmmmmmmmmmmmmmmmiiiiiiiiiiiiiiiiiiiiiiiiiiiiiiimmmmmmmmmmmmmmmmmmmmmmmooooooooooooooooooommmmmmmmmmmmmmmmmmmmmmmiiiiiiiiiiiiii,7
tr|P94973|P94973_MYCTU,MAQNELVTASTPPAATQPLAVGHTSLMHGWVPLAVQVVTAVVLVLAAGWRSRHWQRRWLPTAAAIGATLAWGTRWYVTGNGLANERPPSTLWIWVALTGAAATVLILGWRSARWWRRGASLLAVPLCLLSATLTLNLWVGYFPTVQTAWNQLTSGPLPDQADQAAVAALAHSGVRPSHGTLLPVVIPSDASHFKHRGELVYLPPAWFDREHRSENPPPPQLPTVMMIGGQFNTPADWARAGNAVKTLDDFAAAHSGNAPVVVFVDSGGAFNNDTECVNGRRGNAADHLTKDVVPYMVSKFGVSPEQTSWGIVGWSMGGTCAVDLTVMHPTLFSAFVDIAGDFYPNAGNKTQTIVRLFGGNEDAWSAFDPTTVITRHGSYTGLSGWFAISSPGPPSPDNAVADTTTMRLAGRDAAANPGNQAAAANALCALGRANGIYCAVVPQPGKHDWPFADRVFAAALPWLAGQLATPGVPKIPLPGTTQQIAGTGR,LWIWVALTGAAATVL,oooooooooooooooooooooooooooommmmmmmmmmmmmmmmmmmmmmmiiiiiimmmmmmmmmmmmmmmmmmoooooooooooooommmmmmmmmmmmmmmmmmmmmmmiiiiiimmmmmmmmmmmmmmmmmmmmmmmoooooooooooooooooooooooooooooooooooooooooooooooooooooooooooooooooooooooooooooooooooooooooooooooooooooooooooooooooooooooooooooooooooooooooooooooooooooooooooooooooooooooooooooooooooooooooooooooooooooooooooooooooooooooooooooooooooooooooooooooooooooooooooooooooooooooooooooooooooooooooooooooooooooooooooooooooooooooooooooooooooooooooooooooooooooooooooo,15
tr|Q79FY7|Q79FY7_MYCTU,MPTLVTRKNRRAWLYVEGVVLLLVGALVLVLVYKQFRGEFTPKTELTMVAFRAGLVMEAGSKVTYNGVEIGRVGSISEIERDGRPAAKLVLDVNPRYISLIPVNVVADIEAATLFGNKYVALSAPKIPQQQRISSHDVIDVGSVTTEFNTLFETITSIAEKVDPIELNATLSAVAQALDGLGGKFGESIVNGNQILAQLNPRLPQLGYDVRRLADLGEVYVDASPDLWSFLQNALTTARTLTSQQRDLDAALLAATGAGNTGEDVFARGGPYLARAAADLVPTATLLDTYSPELFCMIRNFHDAAPKVADAVGGNGYSLAAAGTILGAPNPYVYPDNLPRVNAHGGPGGRPGCWQTITRELWPAPYLVMDTGASLAPYNHVELGQPMFTEYVWGRQYGENTINP,EGVVLLLVGALVL,iiiiiiiiiiiimmmmmmmmmmmmmmmmmmmmoooooooooooooooooooooooooooooooooooooooooooooooooooooooooooooooooooooooooooooooooooooooooooooooooooooooooooooooooooooooooooooooooooooooooooooooooooooooooooooooooooooooooooooooooooooooooooooooooooooooooooooooooooooooooooooooooooooooooooooooooooooooooooooooooooooooooooooooooooooooooooooooooooooooooooooooooooooooooooooooooooooooooooooooooooooooooooooooooooooooooooooooooooo,13
tr|Q79FZ8|Q79FZ8_MYCTU,MSRWKQGWTRGSLFAALNIAAVVAVLMLGAGVAVADPDAAPGDPGGPGAPGAQRDPSTRRQLTCWRRHPTRWRCRRHLTRWRRRHLTRSRRPRLTRWQCR,SLFAALNIAAVVAVL,iiiiiiiiiiiimmmmmmmmmmmmmmmmmmmmmmmooooooooooooooooooooooooooooooooooooooooooooooooooooooooooooooooo,14
